Loan_ID,Dependents,ApplicantIncome,CoapplicantIncome,LoanAmount,Loan_Amount_Term,Credit_History,Property_Area,Gender_Male,Married_Yes,Graduate_Yes,Self_Employed_Yes,Loan_Status_Yes,z_score,CoapplicantIncome_ss,ApplicantIncome_ms,CoapplicantIncome_tf
LP001002,0,5849.0,0.0,146.41216216216216,360.0,1.0,0.0,1.0,0.0,1.0,0.0,1.0,0.23936292727780337,-0.8798716403966507,0.5705275803383723,0.774174103574293
LP001003,1,4583.0,1508.0,128.0,360.0,1.0,2.0,1.0,1.0,1.0,0.0,0.0,-0.0935965166407371,0.05025487058074581,0.443788166983682,0.002525552017087511
LP001005,0,3000.0,0.0,66.0,360.0,1.0,0.0,1.0,1.0,1.0,1.0,1.0,-1.2147839872449675,-0.8798716403966507,0.2853138452297527,0.774174103574293
LP001006,0,2583.0,2358.0,120.0,360.0,1.0,0.0,1.0,1.0,0.0,0.0,1.0,-0.23826586768644425,0.5745304238504985,0.24356792471718894,0.3300852079298334
LP001008,0,6000.0,0.0,141.0,360.0,1.0,0.0,1.0,0.0,1.0,0.0,1.0,0.14149117880853698,-0.8798716403966507,0.5856442086294925,0.774174103574293
LP001011,2,5417.0,4196.0,267.0,360.0,1.0,0.0,1.0,1.0,1.0,1.0,1.0,2.4200334577784246,1.7081992084502695,0.5272800080088097,2.9179445357501272
LP001013,0,2333.0,1516.0,95.0,360.0,1.0,0.0,1.0,1.0,0.0,0.0,1.0,-0.6903575897042791,0.05518922872916701,0.21854039443387727,0.0030458509677203133
LP001014,3,3036.0,2504.0,158.0,360.0,0.0,1.0,1.0,1.0,1.0,0.0,0.0,0.44891354978066467,0.6645824600591854,0.2889178095905496,0.4416698462183188
LP001018,2,4006.0,1526.0,168.0,360.0,1.0,0.0,1.0,1.0,1.0,0.0,1.0,0.6297502385877985,0.061357176414693515,0.38602462708979873,0.003764703097583822
LP001024,2,3200.0,700.0,70.0,360.0,1.0,0.0,1.0,1.0,1.0,0.0,1.0,-1.142449311722114,-0.4481153024097956,0.305335869456402,0.20080732425382256
LP001027,2,2500.0,1840.0,109.0,360.0,1.0,0.0,1.0,1.0,1.0,0.0,1.0,-0.4371862253742916,0.25503073374022567,0.23525878466312947,0.06504067515207788
LP001028,2,3073.0,8106.0,200.0,360.0,1.0,0.0,1.0,1.0,1.0,0.0,1.0,1.208427642770627,4.119866753491132,0.2926218840724797,16.97330206652156
LP001029,0,1853.0,2840.0,114.0,360.0,1.0,2.0,1.0,0.0,1.0,0.0,0.0,-0.3467678809707246,0.8718255022928759,0.17048753628991892,0.7600797064482254
LP001030,2,1299.0,1086.0,17.0,120.0,1.0,0.0,1.0,1.0,1.0,0.0,1.0,-2.1008837623999237,-0.2100325217484726,0.11502652918210031,0.04411366019202261
LP001032,0,4950.0,0.0,125.0,360.0,1.0,0.0,1.0,0.0,1.0,0.0,1.0,-0.14784752328287729,-0.8798716403966507,0.4805285814395835,0.774174103574293
LP001034,1,3596.0,0.0,100.0,240.0,0.8421985815602837,0.0,1.0,0.0,0.0,0.0,1.0,-0.5999392453007121,-0.8798716403966507,0.34497947742516766,0.774174103574293
LP001036,0,3510.0,0.0,76.0,360.0,0.0,0.0,0.0,0.0,1.0,0.0,0.0,-1.0339472984378335,-0.8798716403966507,0.33637000700770847,0.774174103574293
LP001038,0,4887.0,0.0,133.0,360.0,1.0,2.0,1.0,1.0,0.0,0.0,0.0,-0.0031781722371701467,-0.8798716403966507,0.474221643808189,0.774174103574293
LP001041,0,2600.0,3500.0,115.0,342.0,1.0,0.0,1.0,1.0,1.0,0.0,1.0,-0.3286842120900112,1.278910049537625,0.24526979677645408,1.6356109148083307
LP001043,0,7660.0,0.0,104.0,360.0,0.0,0.0,1.0,1.0,0.0,0.0,0.0,-0.5276045697778585,-0.8798716403966507,0.7518270097106817,0.774174103574293
LP001047,0,2600.0,1911.0,116.0,360.0,0.0,1.0,1.0,1.0,0.0,0.0,0.0,-0.3106005432092978,0.29882316230746386,0.24526979677645408,0.0892952823314329
LP001050,2,3365.0,1917.0,112.0,360.0,0.0,2.0,1.0,1.0,0.0,0.0,0.0,-0.38293521873215136,0.30252393091877977,0.3218540394433877,0.09152072877855064
LP001052,1,3717.0,2925.0,151.0,360.0,0.8421985815602837,1.0,1.0,1.0,1.0,0.0,0.0,0.3223278676156709,0.9242530576198512,0.3570928020822905,0.854243714519644
LP001066,0,9560.0,0.0,191.0,360.0,1.0,1.0,1.0,1.0,1.0,1.0,1.0,1.0456746228442066,-0.8798716403966507,0.9420362398638502,0.774174103574293
LP001068,0,2799.0,2253.0,122.0,360.0,1.0,1.0,1.0,1.0,1.0,0.0,1.0,-0.20209852992501745,0.5097669731524702,0.26519171088197013,0.2598623669170313
LP001073,2,4226.0,1040.0,110.0,360.0,1.0,0.0,1.0,1.0,0.0,0.0,1.0,-0.4191025564935782,-0.23840508110189448,0.408048853739113,0.056836982695200884
LP001086,0,1442.0,0.0,35.0,360.0,1.0,0.0,1.0,0.0,0.0,0.0,0.0,-1.7753777225470826,-0.8798716403966507,0.12934227650415459,0.774174103574293
LP001087,2,3750.0,2083.0,120.0,360.0,1.0,1.0,0.0,0.0,1.0,0.0,1.0,-0.23826586768644425,0.4049118624985197,0.36039643607968763,0.1639536163920201
LP001091,1,4166.0,3369.0,201.0,360.0,0.8421985815602837,0.0,1.0,1.0,1.0,0.0,0.0,1.2265113116513406,1.198109934857228,0.4020422464711182,1.435467416003591
LP001095,0,3167.0,0.0,74.0,360.0,1.0,0.0,1.0,0.0,1.0,0.0,0.0,-1.0701146361992604,-0.8798716403966507,0.30203223545900487,0.774174103574293
LP001097,1,4692.0,0.0,106.0,360.0,1.0,2.0,1.0,0.0,1.0,1.0,0.0,-0.49143723201643175,-0.8798716403966507,0.4547001701872059,0.774174103574293
LP001098,0,3500.0,1667.0,114.0,360.0,1.0,1.0,1.0,1.0,1.0,0.0,1.0,-0.3467678809707246,0.1483252387806172,0.335368905796376,0.02200037645932711
LP001106,0,2275.0,2067.0,146.41216216216216,360.0,1.0,0.0,1.0,1.0,1.0,0.0,1.0,0.23936292727780337,0.3950431462016773,0.21273400740814896,0.15605908736091978
LP001109,0,1828.0,1330.0,100.0,342.0,0.0,0.0,1.0,1.0,1.0,0.0,0.0,-0.5999392453007121,-0.05953459822162593,0.16798478326158775,0.003544368385410425
LP001112,0,3667.0,1459.0,144.0,360.0,1.0,1.0,0.0,1.0,1.0,0.0,1.0,0.19574218545067718,0.02003192692166595,0.35208729602562816,0.00040127809619496505
LP001114,0,4166.0,7210.0,184.0,360.0,1.0,0.0,1.0,0.0,1.0,0.0,1.0,0.9190889406792129,3.5672186408679574,0.4020422464711182,12.725048831755837
LP001116,0,3748.0,1668.0,110.0,360.0,1.0,1.0,1.0,0.0,0.0,0.0,1.0,-0.4191025564935782,0.14894203354916985,0.3601962158374211,0.022183729357762038
LP001119,0,3600.0,0.0,80.0,360.0,1.0,0.0,1.0,0.0,1.0,0.0,0.0,-0.96161262291498,-0.8798716403966507,0.34537991790970063,0.774174103574293
LP001120,0,1800.0,1213.0,47.0,360.0,1.0,0.0,1.0,0.0,1.0,0.0,1.0,-1.558373695978522,-0.131699586142286,0.16518169986985684,0.01734478099004941
LP001123,0,2400.0,0.0,75.0,360.0,0.8421985815602837,0.0,1.0,1.0,1.0,0.0,1.0,-1.0520309673185468,-0.8798716403966507,0.2252477725498048,0.774174103574293
LP001131,0,3941.0,2336.0,134.0,360.0,1.0,1.0,1.0,1.0,1.0,0.0,1.0,0.014905496643543245,0.5609609389423402,0.3795174692161377,0.31467717501907194
LP001136,0,4695.0,0.0,96.0,342.0,1.0,0.0,1.0,1.0,0.0,1.0,1.0,-0.6722739208235656,-0.8798716403966507,0.45500050055060565,0.774174103574293
LP001137,0,3410.0,0.0,88.0,342.0,1.0,0.0,0.0,0.0,1.0,0.0,1.0,-0.8169432718692728,-0.8798716403966507,0.3263589948943838,0.774174103574293
LP001138,1,5649.0,0.0,44.0,360.0,1.0,0.0,1.0,1.0,1.0,0.0,1.0,-1.6126247026206622,-0.8798716403966507,0.5505055561117229,0.774174103574293
LP001144,0,5821.0,0.0,144.0,360.0,1.0,0.0,1.0,1.0,1.0,0.0,1.0,0.19574218545067718,-0.8798716403966507,0.5677244969466413,0.774174103574293
LP001146,0,2645.0,3440.0,120.0,360.0,0.0,0.0,0.0,1.0,1.0,0.0,0.0,-0.23826586768644425,1.2419023634244661,0.2497747522274502,1.5423214802792748
LP001151,0,4000.0,2275.0,144.0,360.0,1.0,1.0,0.0,0.0,1.0,0.0,1.0,0.19574218545067718,0.5233364580606286,0.38542396636299925,0.273881048335444
LP001155,0,1928.0,1644.0,100.0,360.0,1.0,1.0,0.0,1.0,0.0,0.0,1.0,-0.5999392453007121,0.13413895910390625,0.17799579537491242,0.017993260349479432
LP001157,0,3086.0,0.0,120.0,360.0,1.0,1.0,0.0,0.0,1.0,0.0,1.0,-0.23826586768644425,-0.8798716403966507,0.2939233156472119,0.774174103574293
LP001164,0,4230.0,0.0,112.0,360.0,1.0,1.0,0.0,0.0,1.0,0.0,0.0,-0.38293521873215136,-0.8798716403966507,0.408449294223646,0.774174103574293
LP001179,2,4616.0,0.0,134.0,360.0,1.0,0.0,1.0,1.0,1.0,0.0,0.0,0.014905496643543245,-0.8798716403966507,0.44709180098107915,0.774174103574293
LP001194,2,2708.0,1167.0,97.0,360.0,1.0,1.0,1.0,1.0,1.0,0.0,1.0,-0.6541902519428523,-0.16007214549570792,0.2560816898588447,0.025623091763599084
LP001195,0,2132.0,1591.0,96.0,360.0,1.0,1.0,1.0,1.0,1.0,0.0,1.0,-0.6722739208235656,0.10144883637061577,0.1984182600860947,0.010291866400951973
LP001197,0,3366.0,2200.0,135.0,360.0,1.0,2.0,1.0,1.0,1.0,0.0,0.0,0.03298916552425664,0.47707685041917974,0.32195414956452095,0.22760232120588442
LP001198,1,8080.0,2250.0,180.0,360.0,1.0,0.0,1.0,1.0,1.0,0.0,1.0,0.8467542651563593,0.5079165888468122,0.7938732605866453,0.2579792612257817
LP001199,2,3357.0,2859.0,144.0,360.0,1.0,0.0,1.0,1.0,0.0,0.0,1.0,0.19574218545067718,0.8835446028953763,0.32105315847432175,0.7806510653055482
LP001205,0,2500.0,3796.0,120.0,360.0,1.0,0.0,1.0,1.0,1.0,0.0,1.0,-0.23826586768644425,1.4614813010292096,0.23525878466312947,2.1359275932580313
LP001206,3,3029.0,0.0,99.0,360.0,1.0,0.0,1.0,1.0,1.0,0.0,1.0,-0.6180229141814255,-0.8798716403966507,0.28821703874261684,0.774174103574293
LP001207,0,2609.0,3449.0,165.0,180.0,0.0,2.0,1.0,1.0,0.0,1.0,0.0,0.5754992319456584,1.24745351634144,0.24617078786665333,1.5561402754326232
LP001213,1,4945.0,0.0,146.41216216216216,360.0,0.0,2.0,1.0,1.0,1.0,0.0,0.0,0.23936292727780337,-0.8798716403966507,0.48002803083391726,0.774174103574293
LP001222,0,4166.0,0.0,116.0,360.0,0.0,1.0,0.0,0.0,1.0,0.0,0.0,-0.3106005432092978,-0.8798716403966507,0.4020422464711182,0.774174103574293
LP001225,0,5726.0,4595.0,258.0,360.0,1.0,1.0,1.0,1.0,1.0,0.0,0.0,2.2572804378520037,1.954300321102777,0.558214035438983,3.819289745062417
LP001228,0,3200.0,2254.0,126.0,180.0,0.0,0.0,1.0,0.0,0.0,0.0,0.0,-0.1297638544021639,0.5103837679210229,0.305335869456402,0.26049159055726057
LP001238,3,7100.0,0.0,125.0,60.0,1.0,0.0,1.0,1.0,0.0,1.0,1.0,-0.14784752328287729,-0.8798716403966507,0.6957653418760636,0.774174103574293
LP001241,0,4300.0,0.0,136.0,360.0,0.0,1.0,0.0,0.0,1.0,0.0,0.0,0.05107283440497003,-0.8798716403966507,0.41545700270297325,0.774174103574293
LP001243,0,3208.0,3066.0,172.0,360.0,1.0,0.0,1.0,1.0,1.0,0.0,1.0,0.7020849141106522,1.0112211199857748,0.306136750425468,1.0225681535052848
LP001245,2,1875.0,1875.0,97.0,360.0,1.0,1.0,1.0,1.0,0.0,1.0,1.0,-0.6541902519428523,0.2766185506395684,0.17268995895485034,0.07651782255793547
LP001248,0,3500.0,0.0,81.0,300.0,1.0,1.0,1.0,0.0,1.0,0.0,1.0,-0.9435289540342665,-0.8798716403966507,0.335368905796376,0.774174103574293
LP001250,3,4755.0,0.0,95.0,342.0,0.0,1.0,1.0,1.0,0.0,0.0,0.0,-0.6903575897042791,-0.8798716403966507,0.46100710781860044,0.774174103574293
LP001253,3,5266.0,1774.0,187.0,360.0,1.0,1.0,1.0,1.0,1.0,1.0,1.0,0.9733399473213531,0.21432227901575077,0.5121633797176894,0.04593403928250532
LP001255,0,3750.0,0.0,113.0,480.0,1.0,0.0,1.0,0.0,1.0,0.0,0.0,-0.364851549851438,-0.8798716403966507,0.36039643607968763,0.774174103574293
LP001256,0,3750.0,4750.0,176.0,360.0,1.0,0.0,1.0,0.0,1.0,0.0,0.0,0.7744195896335058,2.0499035102284378,0.36039643607968763,4.202104401246871
LP001259,1,1000.0,3022.0,110.0,360.0,1.0,0.0,1.0,1.0,1.0,1.0,0.0,-0.4191025564935782,0.9840821501694582,0.08509360296325957,0.9684176782821441
LP001263,3,3167.0,4000.0,180.0,300.0,0.0,1.0,1.0,1.0,1.0,0.0,0.0,0.8467542651563593,1.5873074338139501,0.30203223545900487,2.5195448894410277
LP001264,3,3333.0,2166.0,130.0,360.0,0.8421985815602837,1.0,1.0,1.0,0.0,1.0,1.0,-0.05742917887931032,0.45610582828838964,0.3186505155671238,0.20803252659863797
LP001265,0,3846.0,0.0,111.0,360.0,1.0,1.0,0.0,0.0,1.0,0.0,1.0,-0.4010188876128648,-0.8798716403966507,0.37000700770847933,0.774174103574293
LP001266,1,2395.0,0.0,146.41216216216216,360.0,1.0,1.0,1.0,1.0,1.0,1.0,1.0,0.23936292727780337,-0.8798716403966507,0.22474722194413857,0.774174103574293
LP001267,2,1378.0,1881.0,167.0,360.0,1.0,0.0,0.0,1.0,1.0,0.0,0.0,0.6116665697070852,0.2803193192508843,0.12293522875162678,0.07857892074527921
LP001273,0,6000.0,2250.0,265.0,360.0,0.8421985815602837,1.0,1.0,1.0,1.0,0.0,0.0,2.3838661200169975,0.5079165888468122,0.5856442086294925,0.2579792612257817
LP001275,1,3988.0,0.0,50.0,240.0,1.0,0.0,1.0,1.0,1.0,0.0,1.0,-1.5041226893363817,-0.8798716403966507,0.38422264490940033,0.774174103574293
LP001279,0,2366.0,2531.0,136.0,360.0,1.0,1.0,1.0,0.0,1.0,0.0,1.0,0.05107283440497003,0.681235918810107,0.2218440284312744,0.46408237707705075
LP001280,2,3333.0,2000.0,99.0,360.0,0.8421985815602837,1.0,1.0,1.0,0.0,0.0,1.0,-0.6180229141814255,0.3537178967086497,0.3186505155671238,0.125116350451991
LP001282,0,2500.0,2118.0,104.0,360.0,1.0,1.0,1.0,1.0,1.0,0.0,1.0,-0.5276045697778585,0.42649967939786243,0.23525878466312947,0.18190197652647944
LP001289,0,8566.0,0.0,210.0,360.0,1.0,0.0,1.0,0.0,1.0,0.0,1.0,1.389264331577761,-0.8798716403966507,0.8425267794574032,0.774174103574293
LP001310,0,5695.0,4167.0,175.0,360.0,1.0,1.0,1.0,1.0,1.0,0.0,1.0,0.7563359207527923,1.6903121601622428,0.5551106216838523,2.8571551987923476
LP001316,0,2958.0,2900.0,131.0,360.0,1.0,1.0,1.0,1.0,1.0,0.0,1.0,-0.039345509998596935,0.9088331884060349,0.28110922014215634,0.8259777643482793
LP001318,2,6250.0,5654.0,188.0,180.0,1.0,1.0,1.0,1.0,1.0,0.0,1.0,0.9914236162020664,2.6074859810000337,0.6106717389128041,6.798983141111708
LP001319,2,3273.0,1820.0,81.0,360.0,1.0,0.0,1.0,1.0,0.0,0.0,1.0,-0.9435289540342665,0.2426948383691727,0.312643908299129,0.05890078457103885
LP001322,0,4133.0,0.0,122.0,360.0,1.0,1.0,1.0,0.0,1.0,0.0,1.0,-0.20209852992501745,-0.8798716403966507,0.39873861247372105,0.774174103574293
LP001325,0,3620.0,0.0,25.0,120.0,1.0,1.0,1.0,0.0,0.0,0.0,1.0,-1.9562144113542166,-0.8798716403966507,0.3473821203323656,0.774174103574293
LP001326,0,6782.0,0.0,146.41216216216216,360.0,0.8421985815602837,0.0,1.0,0.0,1.0,0.0,0.0,0.23936292727780337,-0.8798716403966507,0.6639303233556912,0.774174103574293
LP001327,0,2484.0,2302.0,137.0,360.0,1.0,1.0,0.0,1.0,1.0,0.0,1.0,0.06915650328568343,0.5399899168115501,0.2336570227249975,0.29158911025814477
LP001333,0,1977.0,997.0,50.0,360.0,1.0,1.0,1.0,1.0,1.0,0.0,1.0,-1.5041226893363817,-0.26492725614965845,0.1829011913104415,0.07018645105098674
LP001334,0,4188.0,0.0,115.0,180.0,1.0,1.0,1.0,1.0,0.0,0.0,1.0,-0.3286842120900112,-0.8798716403966507,0.4042446691360496,0.774174103574293
LP001343,0,1759.0,3541.0,131.0,360.0,1.0,1.0,1.0,1.0,1.0,0.0,1.0,-0.039345509998596935,1.3041986350482837,0.16107718490339373,1.7009340796618062
LP001345,2,4288.0,3263.0,133.0,180.0,1.0,0.0,1.0,1.0,0.0,0.0,1.0,-0.0031781722371701467,1.1327296893906469,0.4142556812493743,1.2830765492270313
LP001349,0,4843.0,3806.0,151.0,360.0,1.0,1.0,1.0,0.0,1.0,0.0,1.0,0.3223278676156709,1.467649248714736,0.46981679847832614,2.153994317252929
LP001356,0,4652.0,3583.0,146.41216216216216,360.0,1.0,1.0,1.0,1.0,1.0,0.0,1.0,0.23936292727780337,1.330104015327495,0.45069576534187605,1.769176691590325
LP001357,0,3816.0,754.0,160.0,360.0,1.0,0.0,1.0,1.0,1.0,0.0,1.0,0.48508088754209144,-0.41480838490795247,0.3670037040744819,0.17206599618994406
LP001367,1,3052.0,1030.0,100.0,360.0,1.0,0.0,1.0,1.0,1.0,0.0,1.0,-0.5999392453007121,-0.244573028787421,0.2905195715286815,0.059815966410252656
LP001370,0,7333.0,0.0,120.0,360.0,1.0,2.0,1.0,0.0,0.0,0.0,0.0,-0.23826586768644425,-0.8798716403966507,0.7190910001001102,0.774174103574293
LP001379,2,3800.0,3600.0,216.0,360.0,0.0,0.0,1.0,1.0,1.0,0.0,0.0,1.4977663448620415,1.34058952639289,0.36540194213634997,1.7971802782743131
LP001384,3,2071.0,754.0,94.0,480.0,1.0,1.0,1.0,1.0,0.0,0.0,1.0,-0.7084412585849924,-0.41480838490795247,0.19231154269696668,0.17206599618994406
LP001385,0,5316.0,0.0,136.0,360.0,1.0,0.0,1.0,0.0,1.0,0.0,1.0,0.05107283440497003,-0.8798716403966507,0.5171688857743518,0.774174103574293
LP001387,0,2929.0,2333.0,139.0,360.0,1.0,1.0,0.0,1.0,1.0,0.0,1.0,0.1053238410471102,0.5591105546366822,0.2782060266292922,0.31260461230613845
LP001391,0,3572.0,4114.0,152.0,342.0,0.0,2.0,1.0,1.0,0.0,0.0,0.0,0.34041153649638434,1.6576220374289523,0.3425768345179697,2.747710818970111
LP001392,1,7451.0,0.0,146.41216216216216,360.0,1.0,1.0,0.0,0.0,1.0,1.0,1.0,0.23936292727780337,-0.8798716403966507,0.7309039943938332,0.774174103574293
LP001398,0,5050.0,0.0,118.0,360.0,1.0,1.0,1.0,0.0,1.0,0.0,1.0,-0.27443320544787103,-0.8798716403966507,0.49053959355290816,0.774174103574293
LP001404,0,3167.0,2283.0,154.0,360.0,1.0,1.0,0.0,1.0,1.0,0.0,1.0,0.3765788742578111,0.5282708162090497,0.30203223545900487,0.2790700552581756
LP001405,1,2214.0,1398.0,85.0,360.0,0.8421985815602837,0.0,1.0,1.0,1.0,0.0,1.0,-0.871194278511413,-0.017592553960045713,0.20662729001902094,0.0003094979548371201
LP001421,0,5568.0,2142.0,175.0,360.0,1.0,2.0,1.0,1.0,1.0,0.0,0.0,0.7563359207527923,0.44130275384312606,0.54239663629993,0.19474812054952673
LP001426,0,5667.0,2667.0,180.0,360.0,1.0,2.0,1.0,1.0,1.0,0.0,1.0,0.8467542651563593,0.7651200073332675,0.5523075382921213,0.5854086256216593
LP001430,0,4166.0,0.0,44.0,360.0,1.0,1.0,0.0,0.0,1.0,0.0,1.0,-1.6126247026206622,-0.8798716403966507,0.4020422464711182,0.774174103574293
LP001431,0,2137.0,8980.0,137.0,360.0,0.0,1.0,0.0,0.0,1.0,0.0,1.0,0.06915650328568343,4.6589453812061485,0.19891881069176096,21.705772065062106
LP001432,2,2957.0,0.0,81.0,360.0,1.0,1.0,1.0,1.0,1.0,0.0,1.0,-0.9435289540342665,-0.8798716403966507,0.2810091100210231,0.774174103574293
LP001439,0,4300.0,2014.0,194.0,360.0,1.0,2.0,1.0,1.0,0.0,0.0,1.0,1.0999256294863469,0.3623530234683868,0.41545700270297325,0.1312997136166813
LP001443,0,3692.0,0.0,93.0,360.0,0.8421985815602837,2.0,0.0,0.0,1.0,0.0,1.0,-0.7265249274657058,-0.8798716403966507,0.35459004905395936,0.774174103574293
LP001449,0,3865.0,1640.0,146.41216216216216,360.0,1.0,2.0,1.0,0.0,1.0,0.0,1.0,0.23936292727780337,0.13167178002969565,0.371909100010011,0.01733745765618856
LP001465,0,6080.0,2569.0,182.0,360.0,0.8421985815602837,2.0,1.0,1.0,1.0,0.0,0.0,0.8829216029177861,0.7046741200151077,0.5936530183201522,0.49656561541906635
LP001473,0,2014.0,1929.0,74.0,360.0,1.0,0.0,1.0,0.0,1.0,0.0,1.0,-1.0701146361992604,0.30992546814141153,0.1866052657923716,0.09605379580267309
LP001478,0,2718.0,0.0,70.0,360.0,1.0,1.0,1.0,0.0,1.0,0.0,1.0,-1.142449311722114,-0.8798716403966507,0.2570827910701772,0.774174103574293
LP001482,0,3459.0,0.0,25.0,120.0,1.0,1.0,1.0,1.0,1.0,1.0,1.0,-1.9562144113542166,-0.8798716403966507,0.3312643908299129,0.774174103574293
LP001487,0,4895.0,0.0,102.0,360.0,1.0,1.0,1.0,0.0,1.0,0.0,1.0,-0.5637719075392853,-0.8798716403966507,0.47502252477725493,0.774174103574293
LP001488,3,4000.0,7750.0,290.0,360.0,1.0,1.0,1.0,1.0,1.0,0.0,0.0,2.8359578420348326,3.9002878158863883,0.38542396636299925,15.212245046751812
LP001489,0,4583.0,0.0,84.0,360.0,1.0,2.0,0.0,1.0,1.0,0.0,0.0,-0.8892779473921264,-0.8798716403966507,0.443788166983682,0.774174103574293
LP001491,2,3316.0,3500.0,88.0,360.0,1.0,0.0,1.0,1.0,1.0,1.0,1.0,-0.8169432718692728,1.278910049537625,0.3169486435078586,1.6356109148083307
LP001493,2,4200.0,1430.0,129.0,360.0,1.0,2.0,1.0,1.0,0.0,0.0,0.0,-0.07551284776002372,0.0021448786336390933,0.4054459905896486,4.600504353041504e-06
LP001497,2,5042.0,2083.0,185.0,360.0,1.0,2.0,1.0,1.0,1.0,0.0,0.0,0.9371726095599262,0.4049118624985197,0.4897387125838422,0.1639536163920201
LP001498,0,5417.0,0.0,168.0,360.0,1.0,0.0,1.0,0.0,1.0,0.0,1.0,0.6297502385877985,-0.8798716403966507,0.5272800080088097,0.774174103574293
LP001504,0,6950.0,0.0,175.0,180.0,1.0,1.0,1.0,0.0,1.0,1.0,1.0,0.7563359207527923,-0.8798716403966507,0.6807488237060767,0.774174103574293
LP001507,0,2698.0,2034.0,122.0,360.0,1.0,1.0,1.0,1.0,1.0,0.0,1.0,-0.20209852992501745,0.37468891883943983,0.25508058864751226,0.14039178590106832
LP001514,0,2330.0,4486.0,100.0,360.0,1.0,1.0,0.0,1.0,1.0,0.0,1.0,-0.5999392453007121,1.8870696913305383,0.21824006407047752,3.5610320199383327
LP001518,1,1538.0,1425.0,30.0,360.0,1.0,0.0,1.0,1.0,1.0,0.0,1.0,-1.8657960669506495,-0.0009390952091241578,0.13895284813294626,8.818998117999457e-07
LP001519,0,10000.0,1666.0,225.0,360.0,1.0,2.0,0.0,0.0,1.0,0.0,0.0,1.660519364788462,0.14770844401206454,0.9860846931624788,0.021817784432465206
LP001520,0,4860.0,830.0,125.0,360.0,1.0,1.0,1.0,1.0,1.0,0.0,1.0,-0.14784752328287729,-0.36793198249795106,0.47151867053759133,0.13537394374487258
LP001528,0,6277.0,0.0,118.0,360.0,0.0,2.0,1.0,0.0,1.0,0.0,0.0,-0.27443320544787103,-0.8798716403966507,0.6133747121834018,0.774174103574293
LP001529,0,2577.0,3750.0,152.0,360.0,1.0,2.0,1.0,1.0,1.0,1.0,1.0,0.34041153649638434,1.4331087416757875,0.24296726399038945,2.053800665467559
LP001531,0,9166.0,0.0,244.0,360.0,1.0,0.0,1.0,0.0,1.0,0.0,0.0,2.0041090735220166,-0.8798716403966507,0.9025928521373511,0.774174103574293
LP001532,2,2281.0,0.0,113.0,360.0,1.0,2.0,1.0,1.0,0.0,0.0,0.0,-0.364851549851438,-0.8798716403966507,0.21333466813494845,0.774174103574293
LP001535,0,3254.0,0.0,50.0,360.0,1.0,0.0,1.0,0.0,1.0,0.0,1.0,-1.5041226893363817,-0.8798716403966507,0.3107418159975973,0.774174103574293
LP001541,1,6000.0,0.0,160.0,360.0,0.8421985815602837,2.0,1.0,1.0,1.0,0.0,1.0,0.48508088754209144,-0.8798716403966507,0.5856442086294925,0.774174103574293
LP001543,1,9538.0,0.0,187.0,360.0,1.0,0.0,1.0,1.0,1.0,0.0,1.0,0.9733399473213531,-0.8798716403966507,0.9398338171989188,0.774174103574293
LP001546,0,2980.0,2083.0,120.0,360.0,1.0,2.0,1.0,0.0,1.0,0.0,1.0,-0.23826586768644425,0.4049118624985197,0.28331164280708776,0.1639536163920201
LP001552,0,4583.0,5625.0,255.0,360.0,1.0,1.0,1.0,1.0,1.0,0.0,1.0,2.2030294312098637,2.589598932712007,0.443788166983682,6.706022632303164
LP001560,0,1863.0,1041.0,98.0,360.0,1.0,1.0,1.0,1.0,0.0,0.0,1.0,-0.6361065830621389,-0.23778828633334184,0.17148863750125137,0.05654326911734737
LP001562,0,7933.0,0.0,275.0,360.0,1.0,0.0,1.0,1.0,1.0,0.0,0.0,2.5647028088241317,-0.8798716403966507,0.7791570727800581,0.774174103574293
LP001565,1,3089.0,1280.0,121.0,360.0,0.0,1.0,1.0,1.0,1.0,0.0,0.0,-0.22018219880573087,-0.09037433664925844,0.29422364601061163,0.008167520724793497
LP001570,2,4167.0,1447.0,158.0,360.0,1.0,2.0,1.0,1.0,1.0,0.0,1.0,0.44891354978066467,0.012630389699034147,0.40214235659225145,0.0001595267439494679
LP001572,0,9323.0,0.0,75.0,180.0,1.0,0.0,1.0,1.0,1.0,0.0,1.0,-1.0520309673185468,-0.8798716403966507,0.9183101411552709,0.774174103574293
LP001574,0,3707.0,3166.0,182.0,342.0,1.0,2.0,1.0,1.0,1.0,0.0,1.0,0.8829216029177861,1.0729005968410399,0.35609170087095804,1.1511156907018596
LP001577,0,4583.0,0.0,112.0,360.0,1.0,2.0,0.0,1.0,1.0,0.0,0.0,-0.38293521873215136,-0.8798716403966507,0.443788166983682,0.774174103574293
LP001578,0,2439.0,3333.0,129.0,360.0,1.0,2.0,1.0,1.0,1.0,0.0,1.0,-0.07551284776002372,1.1759053231893324,0.22915206727400142,1.3827533291050083
LP001579,0,2237.0,0.0,63.0,480.0,0.0,1.0,1.0,0.0,1.0,0.0,0.0,-1.2690349938871077,-0.8798716403966507,0.2089298228050856,0.774174103574293
LP001580,2,8000.0,0.0,200.0,360.0,1.0,1.0,1.0,1.0,1.0,0.0,1.0,1.208427642770627,-0.8798716403966507,0.7858644508959856,0.774174103574293
LP001581,0,1820.0,1769.0,95.0,360.0,1.0,2.0,1.0,1.0,0.0,0.0,1.0,-0.6903575897042791,0.21123830517298753,0.16718390229252178,0.04462162157235621
LP001586,3,3522.0,0.0,81.0,180.0,1.0,2.0,1.0,1.0,0.0,0.0,0.0,-0.9435289540342665,-0.8798716403966507,0.33757132846130744,0.774174103574293
LP001594,0,5708.0,5625.0,187.0,360.0,1.0,1.0,1.0,1.0,1.0,0.0,1.0,0.9733399473213531,2.589598932712007,0.5564120532585844,6.706022632303164
LP001603,0,4344.0,736.0,87.0,360.0,1.0,1.0,1.0,1.0,0.0,1.0,0.0,-0.8350269407499862,-0.42591069074190013,0.4198618480328361,0.1813999164882425
LP001606,0,3497.0,1964.0,116.0,360.0,1.0,2.0,1.0,1.0,1.0,0.0,1.0,-0.3106005432092978,0.33151328504075434,0.33506857543297625,0.10990105815851244
LP001608,2,2045.0,1619.0,101.0,360.0,1.0,2.0,1.0,1.0,1.0,0.0,1.0,-0.5818555764199987,0.11871908989008999,0.18970867954750226,0.014094222304331267
LP001616,1,3750.0,0.0,116.0,360.0,1.0,1.0,1.0,1.0,1.0,0.0,1.0,-0.3106005432092978,-0.8798716403966507,0.36039643607968763,0.774174103574293
LP001630,0,2333.0,1451.0,102.0,480.0,0.0,0.0,1.0,0.0,0.0,0.0,0.0,-0.5637719075392853,0.015097568773244748,0.21854039443387727,0.00022793658286285494
LP001633,1,6400.0,7250.0,180.0,360.0,0.0,0.0,1.0,1.0,1.0,0.0,0.0,0.8467542651563593,3.5918904316100635,0.6256882570827911,12.901676872691928
LP001634,0,1916.0,5063.0,67.0,360.0,0.8421985815602837,2.0,1.0,0.0,1.0,0.0,0.0,-1.196700318364254,2.2429602727854174,0.17679447392131345,5.030870785293634
LP001636,0,4600.0,0.0,73.0,180.0,1.0,1.0,1.0,1.0,1.0,0.0,1.0,-1.0881983050799737,-0.8798716403966507,0.4454900390429472,0.774174103574293
LP001639,0,3625.0,0.0,108.0,360.0,1.0,1.0,0.0,1.0,1.0,0.0,1.0,-0.45526989425500497,-0.8798716403966507,0.3478826709380318,0.774174103574293
LP001641,1,2178.0,0.0,66.0,300.0,0.0,2.0,1.0,1.0,1.0,1.0,0.0,-1.2147839872449675,-0.8798716403966507,0.20302332565822406,0.774174103574293
LP001643,0,2383.0,2138.0,58.0,360.0,0.8421985815602837,2.0,1.0,1.0,1.0,0.0,1.0,-1.3594533382906746,0.43883557476891544,0.2235459004905396,0.19257666168276438
LP001644,0,674.0,5296.0,168.0,360.0,1.0,2.0,1.0,1.0,1.0,1.0,1.0,0.6297502385877985,2.386673453858185,0.0524577034738212,5.696210175351357
LP001647,0,9328.0,0.0,188.0,180.0,1.0,2.0,1.0,1.0,1.0,0.0,1.0,0.9914236162020664,-0.8798716403966507,0.9188106917609371,0.774174103574293
LP001653,0,4885.0,0.0,48.0,360.0,1.0,2.0,1.0,0.0,0.0,0.0,1.0,-1.5402900270978086,-0.8798716403966507,0.4740214235659225,0.774174103574293
LP001657,0,6033.0,0.0,160.0,360.0,1.0,0.0,1.0,1.0,0.0,0.0,0.0,0.48508088754209144,-0.8798716403966507,0.5889478426268896,0.774174103574293
LP001658,0,3858.0,0.0,76.0,360.0,1.0,1.0,1.0,0.0,1.0,0.0,1.0,-1.0339472984378335,-0.8798716403966507,0.37120832916207824,0.774174103574293
LP001664,0,4191.0,0.0,120.0,360.0,1.0,2.0,1.0,0.0,1.0,0.0,1.0,-0.23826586768644425,-0.8798716403966507,0.4045449994994494,0.774174103574293
LP001665,1,3125.0,2583.0,170.0,360.0,1.0,1.0,1.0,1.0,1.0,0.0,0.0,0.6659175763492253,0.7133092467748448,0.29782761037140854,0.5088100815344964
LP001666,0,8333.0,3750.0,187.0,360.0,1.0,2.0,1.0,0.0,1.0,0.0,1.0,0.9733399473213531,1.4331087416757875,0.8192011212333568,2.053800665467559
LP001669,0,1907.0,2365.0,120.0,342.0,1.0,0.0,0.0,0.0,0.0,0.0,1.0,-0.23826586768644425,0.578847987230367,0.17589348283111422,0.3350649923206471
LP001671,0,3416.0,2816.0,113.0,360.0,0.8421985815602837,1.0,0.0,1.0,1.0,0.0,1.0,-0.364851549851438,0.8570224278476123,0.3269596556211833,0.7344874418338158
LP001674,1,2600.0,2500.0,90.0,360.0,1.0,1.0,1.0,1.0,0.0,0.0,1.0,-0.7807759341078461,0.6621152809849749,0.24526979677645408,0.4383966453138122
LP001677,2,4923.0,0.0,166.0,360.0,0.0,1.0,1.0,0.0,1.0,0.0,1.0,0.5935829008263718,-0.8798716403966507,0.47782560816898584,0.774174103574293
LP001682,3,3992.0,0.0,146.41216216216216,180.0,1.0,0.0,1.0,1.0,0.0,0.0,0.0,0.23936292727780337,-0.8798716403966507,0.3846230853939333,0.774174103574293
LP001688,1,3500.0,1083.0,135.0,360.0,1.0,0.0,1.0,1.0,0.0,0.0,1.0,0.03298916552425664,-0.21188290605413054,0.335368905796376,0.04489436587794351
LP001691,2,3917.0,0.0,124.0,360.0,1.0,1.0,1.0,1.0,0.0,0.0,1.0,-0.16593119216359067,-0.8798716403966507,0.37711482630893983,0.774174103574293
LP001692,0,4408.0,0.0,120.0,360.0,1.0,1.0,0.0,0.0,0.0,0.0,1.0,-0.23826586768644425,-0.8798716403966507,0.42626889578536387,0.774174103574293
LP001693,0,3244.0,0.0,80.0,360.0,1.0,0.0,0.0,0.0,1.0,0.0,1.0,-0.96161262291498,-0.8798716403966507,0.30974071478626486,0.774174103574293
LP001698,0,3975.0,2531.0,55.0,360.0,1.0,2.0,1.0,0.0,0.0,0.0,1.0,-1.4137043449328148,0.681235918810107,0.3829212133346681,0.46408237707705075
LP001699,0,2479.0,0.0,59.0,360.0,1.0,0.0,1.0,0.0,1.0,0.0,1.0,-1.3413696694099613,-0.8798716403966507,0.23315647211933127,0.774174103574293
LP001702,0,3418.0,0.0,127.0,360.0,1.0,1.0,1.0,0.0,1.0,0.0,0.0,-0.1116801855214505,-0.8798716403966507,0.32715987586344975,0.774174103574293
LP001708,0,10000.0,0.0,214.0,360.0,1.0,1.0,0.0,0.0,1.0,0.0,0.0,1.4615990071006146,-0.8798716403966507,0.9860846931624788,0.774174103574293
LP001711,3,3430.0,1250.0,128.0,360.0,0.0,1.0,1.0,1.0,1.0,0.0,0.0,-0.0935965166407371,-0.10887817970583795,0.3283611973170487,0.011854458016056743
LP001713,1,7787.0,0.0,240.0,360.0,1.0,0.0,1.0,1.0,1.0,1.0,1.0,1.9317743979991628,-0.8798716403966507,0.764540995094604,0.774174103574293
LP001715,3,5703.0,0.0,130.0,360.0,1.0,2.0,1.0,1.0,0.0,1.0,1.0,-0.05742917887931032,-0.8798716403966507,0.5559115026529182,0.774174103574293
LP001716,0,3173.0,3021.0,137.0,360.0,1.0,0.0,1.0,1.0,1.0,0.0,1.0,0.06915650328568343,0.9834653554009056,0.30263289618580436,0.9672041052738296
LP001720,3,3850.0,983.0,100.0,360.0,1.0,1.0,1.0,1.0,0.0,0.0,1.0,-0.5999392453007121,-0.27356238290939555,0.3704074481930123,0.07483637734306675
LP001722,0,150.0,1800.0,135.0,360.0,1.0,2.0,1.0,1.0,1.0,0.0,0.0,0.03298916552425664,0.23035894299811968,0.0,0.05306524261921095
LP001726,0,3727.0,1775.0,131.0,360.0,1.0,1.0,1.0,1.0,1.0,0.0,1.0,-0.039345509998596935,0.2149390737843034,0.35809390329362295,0.046198805439254226
LP001732,2,5000.0,0.0,72.0,360.0,0.0,1.0,1.0,1.0,1.0,0.0,0.0,-1.106281973960687,-0.8798716403966507,0.4855340874962459,0.774174103574293
LP001734,2,4283.0,2383.0,127.0,360.0,0.8421985815602837,1.0,0.0,1.0,1.0,0.0,1.0,-0.1116801855214505,0.5899502930643148,0.41375513064370806,0.3480413482866709
LP001736,0,2221.0,0.0,60.0,360.0,0.0,0.0,1.0,1.0,1.0,0.0,0.0,-1.3232860005292477,-0.8798716403966507,0.20732806086695366,0.774174103574293
LP001743,2,4009.0,1717.0,116.0,360.0,1.0,1.0,1.0,1.0,1.0,0.0,1.0,-0.3106005432092978,0.1791649772082497,0.3863249574531985,0.03210008905803263
LP001744,0,2971.0,2791.0,144.0,360.0,1.0,1.0,1.0,0.0,1.0,0.0,1.0,0.19574218545067718,0.8416025586337961,0.28241065171688856,0.7082948666989521
LP001749,0,7578.0,1010.0,175.0,342.0,1.0,1.0,1.0,1.0,1.0,0.0,1.0,0.7563359207527923,-0.256908924158474,0.7436179797777556,0.06600219531226455
LP001750,0,6250.0,0.0,128.0,360.0,1.0,1.0,1.0,1.0,1.0,0.0,1.0,-0.0935965166407371,-0.8798716403966507,0.6106717389128041,0.774174103574293
LP001751,0,3250.0,0.0,170.0,360.0,1.0,2.0,1.0,1.0,1.0,0.0,0.0,0.6659175763492253,-0.8798716403966507,0.31034137551306434,0.774174103574293
LP001754,0,4735.0,0.0,138.0,360.0,1.0,0.0,1.0,1.0,0.0,1.0,0.0,0.08724017216639682,-0.8798716403966507,0.4590049053959355,0.774174103574293
LP001758,2,6250.0,1695.0,210.0,360.0,1.0,1.0,1.0,1.0,1.0,0.0,1.0,1.389264331577761,0.1655954923000914,0.6106717389128041,0.027421867070109632
LP001760,0,4758.0,0.0,158.0,480.0,1.0,1.0,1.0,1.0,1.0,0.0,1.0,0.44891354978066467,-0.8798716403966507,0.46130743818200015,0.774174103574293
LP001761,0,6400.0,0.0,200.0,360.0,1.0,2.0,1.0,0.0,1.0,1.0,1.0,1.208427642770627,-0.8798716403966507,0.6256882570827911,0.774174103574293
LP001765,1,2491.0,2054.0,104.0,360.0,1.0,1.0,1.0,1.0,1.0,0.0,1.0,-0.5276045697778585,0.38702481421049284,0.23435779357293024,0.1497882068146665
LP001768,0,3716.0,0.0,42.0,180.0,1.0,2.0,1.0,1.0,1.0,0.0,1.0,-1.6487920403820888,-0.8798716403966507,0.35699269196115724,0.774174103574293
LP001770,0,3189.0,2598.0,120.0,342.0,1.0,2.0,1.0,0.0,0.0,0.0,1.0,-0.23826586768644425,0.7225611683031345,0.3042346581239363,0.5220946419395908
LP001776,0,8333.0,0.0,280.0,360.0,1.0,1.0,0.0,0.0,1.0,0.0,1.0,2.6551211532276984,-0.8798716403966507,0.8192011212333568,0.774174103574293
LP001778,1,3155.0,1779.0,140.0,360.0,1.0,1.0,1.0,1.0,1.0,0.0,1.0,0.1234075099278236,0.21740625285851403,0.3008309140054059,0.04726547878198014
LP001784,1,5500.0,1260.0,170.0,360.0,1.0,2.0,1.0,1.0,1.0,0.0,1.0,0.6659175763492253,-0.10271023202031145,0.5355891480628692,0.010549391761666211
LP001786,0,5746.0,0.0,255.0,360.0,0.8421985815602837,0.0,1.0,1.0,1.0,0.0,0.0,2.2030294312098637,-0.8798716403966507,0.5602162378616479,0.774174103574293
LP001788,0,3463.0,0.0,122.0,360.0,0.8421985815602837,0.0,0.0,0.0,1.0,1.0,1.0,-0.20209852992501745,-0.8798716403966507,0.33166483131444585,0.774174103574293
LP001790,1,3812.0,0.0,112.0,360.0,1.0,2.0,0.0,0.0,1.0,0.0,1.0,-0.38293521873215136,-0.8798716403966507,0.36660326358994894,0.774174103574293
LP001792,1,3315.0,0.0,96.0,360.0,1.0,1.0,1.0,1.0,1.0,0.0,1.0,-0.6722739208235656,-0.8798716403966507,0.31684853338672536,0.774174103574293
LP001798,2,5819.0,5000.0,120.0,360.0,1.0,2.0,1.0,1.0,1.0,0.0,1.0,-0.23826586768644425,2.2041022023666,0.5675242767043749,4.8580665184772975
LP001800,1,2510.0,1983.0,140.0,180.0,1.0,0.0,1.0,1.0,0.0,0.0,0.0,0.1234075099278236,0.34323238564325464,0.23625988587446192,0.11780847055435988
LP001806,0,2965.0,5701.0,155.0,60.0,1.0,0.0,1.0,0.0,1.0,0.0,1.0,0.3946625431385245,2.6364753351220083,0.2818099909900891,6.951002192706706
LP001807,2,6250.0,1300.0,108.0,360.0,1.0,2.0,1.0,1.0,1.0,1.0,1.0,-0.45526989425500497,-0.07803844127820543,0.6106717389128041,0.006089998317131917
LP001811,0,3406.0,4417.0,123.0,360.0,1.0,1.0,1.0,1.0,0.0,0.0,1.0,-0.18401486104430406,1.8445108523004052,0.32595855440985083,3.4022202842539673
LP001813,0,6050.0,4333.0,120.0,180.0,1.0,0.0,1.0,0.0,1.0,1.0,0.0,-0.23826586768644425,1.7927000917419826,0.5906497146861548,3.2137736189317128
LP001814,2,9703.0,0.0,112.0,360.0,1.0,0.0,1.0,1.0,1.0,0.0,1.0,-0.38293521873215136,-0.8798716403966507,0.9563519871859045,0.774174103574293
LP001819,1,6608.0,0.0,137.0,180.0,1.0,0.0,1.0,1.0,0.0,0.0,1.0,0.06915650328568343,-0.8798716403966507,0.6465111622785064,0.774174103574293
LP001824,1,2882.0,1843.0,123.0,480.0,1.0,1.0,1.0,1.0,1.0,0.0,1.0,-0.18401486104430406,0.25688111804588365,0.2735008509360296,0.0659879088085032
LP001825,0,1809.0,1868.0,90.0,360.0,1.0,0.0,1.0,1.0,1.0,0.0,1.0,-0.7807759341078461,0.27230098725969987,0.16608269096005607,0.07414782766260723
LP001835,0,1668.0,3890.0,201.0,360.0,0.0,1.0,1.0,1.0,0.0,0.0,0.0,1.2265113116513406,1.5194600092731587,0.1519671638802683,2.3087587197803874
LP001836,2,3427.0,0.0,138.0,360.0,1.0,0.0,0.0,0.0,1.0,0.0,0.0,0.08724017216639682,-0.8798716403966507,0.328060866953649,0.774174103574293
LP001841,0,2583.0,2167.0,104.0,360.0,1.0,2.0,1.0,0.0,0.0,1.0,1.0,-0.5276045697778585,0.4567226230569423,0.24356792471718894,0.20859555441201377
LP001843,1,2661.0,7101.0,279.0,180.0,1.0,1.0,1.0,1.0,0.0,0.0,1.0,2.637037484346985,3.4999880110957187,0.2513765141655821,12.249916077813765
LP001846,3,3083.0,0.0,255.0,360.0,1.0,2.0,0.0,0.0,1.0,0.0,1.0,2.2030294312098637,-0.8798716403966507,0.29362298528381214,0.774174103574293
LP001849,0,6045.0,0.0,115.0,360.0,0.0,2.0,1.0,0.0,0.0,0.0,0.0,-0.3286842120900112,-0.8798716403966507,0.5901491640804886,0.774174103574293
LP001854,3,5250.0,0.0,94.0,360.0,1.0,0.0,1.0,1.0,1.0,0.0,0.0,-0.7084412585849924,-0.8798716403966507,0.5105616177795576,0.774174103574293
LP001864,3,4931.0,0.0,128.0,360.0,0.8421985815602837,1.0,1.0,1.0,0.0,0.0,0.0,-0.0935965166407371,-0.8798716403966507,0.47862648913805184,0.774174103574293
LP001868,0,2060.0,2209.0,134.0,360.0,1.0,1.0,1.0,0.0,1.0,0.0,1.0,0.014905496643543245,0.48262800333615363,0.19121033136450097,0.23292978960424232
LP001870,1,3481.0,0.0,155.0,36.0,1.0,1.0,0.0,0.0,1.0,0.0,0.0,0.3946625431385245,-0.8798716403966507,0.3334668134948443,0.774174103574293
LP001871,0,7200.0,0.0,120.0,360.0,1.0,2.0,0.0,0.0,1.0,0.0,1.0,-0.23826586768644425,-0.8798716403966507,0.7057763539893883,0.774174103574293
LP001872,0,5166.0,0.0,128.0,360.0,1.0,1.0,1.0,0.0,1.0,1.0,1.0,-0.0935965166407371,-0.8798716403966507,0.5021523676043649,0.774174103574293
LP001875,0,4095.0,3447.0,151.0,360.0,1.0,2.0,1.0,0.0,1.0,0.0,1.0,0.3223278676156709,1.2462199268043346,0.3949344278706577,1.553064105964201
LP001877,2,4708.0,1387.0,150.0,360.0,1.0,1.0,1.0,1.0,1.0,0.0,1.0,0.3042441987349575,-0.024377296414124866,0.4563019321253379,0.000594252580462105
LP001882,3,4333.0,1811.0,160.0,360.0,0.0,0.0,1.0,1.0,1.0,0.0,1.0,0.48508088754209144,0.23714368545219883,0.4187606367003704,0.05623712754985142
LP001883,0,3418.0,0.0,135.0,360.0,1.0,2.0,0.0,0.0,1.0,0.0,0.0,0.03298916552425664,-0.8798716403966507,0.32715987586344975,0.774174103574293
LP001884,1,2876.0,1560.0,90.0,360.0,1.0,0.0,0.0,0.0,1.0,0.0,1.0,-0.7807759341078461,0.08232819854548362,0.2729001902092301,0.006777932275744572
LP001888,0,3237.0,0.0,30.0,360.0,1.0,0.0,0.0,0.0,1.0,0.0,1.0,-1.8657960669506495,-0.8798716403966507,0.3090399439383321,0.774174103574293
LP001892,0,2833.0,1857.0,126.0,360.0,1.0,2.0,1.0,0.0,1.0,0.0,1.0,-0.1297638544021639,0.26551624480562075,0.2685954550005005,0.07049887625567833
LP001894,0,2620.0,2223.0,150.0,360.0,1.0,1.0,1.0,1.0,1.0,0.0,1.0,0.3042441987349575,0.49126313009589073,0.24727199919911905,0.24133946299161207
LP001896,2,3900.0,0.0,90.0,360.0,1.0,1.0,1.0,1.0,1.0,0.0,1.0,-0.7807759341078461,-0.8798716403966507,0.37541295424967464,0.774174103574293
LP001900,1,2750.0,1842.0,115.0,360.0,1.0,1.0,1.0,1.0,1.0,0.0,1.0,-0.3286842120900112,0.256264323277331,0.26028631494644106,0.06567140338478841
LP001903,0,3993.0,3274.0,207.0,360.0,1.0,1.0,1.0,1.0,1.0,0.0,1.0,1.3350133249356209,1.1395144318447261,0.38472319551506656,1.298493140382409
LP001904,0,3103.0,1300.0,80.0,360.0,1.0,0.0,1.0,1.0,1.0,0.0,1.0,-0.96161262291498,-0.07803844127820543,0.2956251877064771,0.006089998317131917
LP001908,0,4100.0,0.0,124.0,360.0,0.8421985815602837,2.0,0.0,1.0,0.0,0.0,1.0,-0.16593119216359067,-0.8798716403966507,0.3954349784763239,0.774174103574293
LP001910,1,4053.0,2426.0,158.0,360.0,0.0,0.0,1.0,0.0,0.0,1.0,0.0,0.44891354978066467,0.6164724681120787,0.39072980278306135,0.3800383039401979
LP001914,0,3927.0,800.0,112.0,360.0,1.0,1.0,1.0,1.0,1.0,0.0,1.0,-0.38293521873215136,-0.38643582555453054,0.3781159275202723,0.14933264727201156
LP001915,2,2301.0,985.7999878,78.0,180.0,1.0,0.0,1.0,1.0,1.0,0.0,1.0,-0.9977799606764067,-0.2718353650823443,0.21533687055761339,0.0738944657094514
LP001917,0,1811.0,1666.0,54.0,360.0,1.0,0.0,0.0,0.0,1.0,0.0,1.0,-1.4317880138135282,0.14770844401206454,0.16628291120232255,0.021817784432465206
LP001924,0,3158.0,3053.0,89.0,360.0,1.0,2.0,1.0,0.0,1.0,0.0,1.0,-0.7988596029885594,1.0032027879945904,0.3011312443688057,1.006415833840119
LP001925,0,2600.0,1717.0,99.0,300.0,1.0,1.0,0.0,0.0,1.0,1.0,0.0,-0.6180229141814255,0.1791649772082497,0.24526979677645408,0.03210008905803263
LP001926,0,3704.0,2000.0,120.0,360.0,1.0,2.0,1.0,1.0,1.0,0.0,1.0,-0.23826586768644425,0.3537178967086497,0.35579137050755827,0.125116350451991
LP001931,0,4124.0,0.0,115.0,360.0,1.0,1.0,0.0,0.0,1.0,0.0,1.0,-0.3286842120900112,-0.8798716403966507,0.39783762138352186,0.774174103574293
LP001935,0,9508.0,0.0,187.0,360.0,1.0,2.0,1.0,0.0,1.0,0.0,1.0,0.9733399473213531,-0.8798716403966507,0.9368305135649214,0.774174103574293
LP001936,0,3075.0,2416.0,139.0,360.0,1.0,2.0,1.0,1.0,1.0,0.0,1.0,0.1053238410471102,0.6103045204265523,0.2928221043147462,0.37247160765308396
LP001938,2,4400.0,0.0,127.0,360.0,0.0,1.0,1.0,1.0,1.0,0.0,0.0,-0.1116801855214505,-0.8798716403966507,0.4254680148162979,0.774174103574293
LP001940,2,3153.0,1560.0,134.0,360.0,1.0,0.0,1.0,1.0,1.0,0.0,1.0,0.014905496643543245,0.08232819854548362,0.30063069376313944,0.006777932275744572
LP001945,0,5417.0,0.0,143.0,480.0,0.0,0.0,0.0,0.0,1.0,0.0,0.0,0.1776585165699638,-0.8798716403966507,0.5272800080088097,0.774174103574293
LP001947,0,2383.0,3334.0,172.0,360.0,1.0,1.0,1.0,1.0,1.0,0.0,1.0,0.7020849141106522,1.176522117957885,0.2235459004905396,1.3842042940441077
LP001949,3,4416.0,1250.0,110.0,360.0,1.0,0.0,1.0,1.0,1.0,0.0,1.0,-0.4191025564935782,-0.10887817970583795,0.42706977675442986,0.011854458016056743
LP001953,1,6875.0,0.0,200.0,360.0,1.0,1.0,1.0,1.0,1.0,0.0,1.0,1.208427642770627,-0.8798716403966507,0.6732405646210832,0.774174103574293
LP001954,1,4666.0,0.0,135.0,360.0,1.0,0.0,0.0,1.0,1.0,0.0,1.0,0.03298916552425664,-0.8798716403966507,0.4520973070377415,0.774174103574293
LP001955,0,5000.0,2541.0,151.0,480.0,1.0,2.0,0.0,0.0,1.0,0.0,0.0,0.3223278676156709,0.6874038664956335,0.4855340874962459,0.47252407567314664
LP001963,1,2014.0,2925.0,113.0,360.0,1.0,0.0,1.0,1.0,1.0,0.0,0.0,-0.364851549851438,0.9242530576198512,0.1866052657923716,0.854243714519644
LP001964,0,1800.0,2934.0,93.0,360.0,0.0,0.0,1.0,1.0,0.0,0.0,0.0,-0.7265249274657058,0.929804210536825,0.16518169986985684,0.8645358699320085
LP001972,0,2875.0,1750.0,105.0,360.0,1.0,1.0,1.0,1.0,0.0,0.0,1.0,-0.5095209008971452,0.19951920457048716,0.27280008008809686,0.03980791299243991
LP001974,0,5000.0,0.0,132.0,360.0,1.0,2.0,0.0,0.0,1.0,0.0,1.0,-0.02126184111788354,-0.8798716403966507,0.4855340874962459,0.774174103574293
LP001977,1,1625.0,1803.0,96.0,360.0,1.0,0.0,1.0,1.0,1.0,0.0,1.0,-0.6722739208235656,0.23220932730377764,0.1476624286715387,0.05392117168687293
LP001978,0,4000.0,2500.0,140.0,360.0,1.0,2.0,1.0,0.0,1.0,0.0,1.0,0.1234075099278236,0.6621152809849749,0.38542396636299925,0.4383966453138122
LP001990,0,2000.0,0.0,146.41216216216216,360.0,1.0,0.0,1.0,0.0,0.0,0.0,0.0,0.23936292727780337,-0.8798716403966507,0.18520372409650615,0.774174103574293
LP001993,0,3762.0,1666.0,135.0,360.0,1.0,2.0,0.0,0.0,1.0,0.0,1.0,0.03298916552425664,0.14770844401206454,0.3615977575332866,0.021817784432465206
LP001994,0,2400.0,1863.0,104.0,360.0,0.0,0.0,0.0,0.0,1.0,0.0,0.0,-0.5276045697778585,0.26921701341693666,0.2252477725498048,0.07247780031313505
LP001998,2,7667.0,0.0,185.0,360.0,0.8421985815602837,2.0,1.0,1.0,0.0,0.0,1.0,0.9371726095599262,-0.8798716403966507,0.7525277805586145,0.774174103574293
LP002002,0,2917.0,0.0,84.0,360.0,1.0,1.0,0.0,0.0,1.0,0.0,1.0,-0.8892779473921264,-0.8798716403966507,0.27700470517569326,0.774174103574293
LP002004,0,2927.0,2405.0,111.0,360.0,1.0,1.0,1.0,0.0,0.0,0.0,1.0,-0.4010188876128648,0.603519777972473,0.2780058063870257,0.36423612240394315
LP002006,0,2507.0,0.0,56.0,360.0,1.0,2.0,0.0,0.0,1.0,0.0,1.0,-1.3956206760521013,-0.8798716403966507,0.23595955551106215,0.774174103574293
LP002008,2,5746.0,0.0,144.0,84.0,0.8421985815602837,2.0,1.0,1.0,1.0,1.0,1.0,0.19574218545067718,-0.8798716403966507,0.5602162378616479,0.774174103574293
LP002024,0,2473.0,1843.0,159.0,360.0,1.0,2.0,1.0,1.0,1.0,0.0,0.0,0.46699721866137806,0.25688111804588365,0.23255581139253179,0.0659879088085032
LP002031,1,3399.0,1640.0,111.0,180.0,1.0,0.0,1.0,1.0,0.0,0.0,1.0,-0.4010188876128648,0.13167178002969565,0.3252577835619181,0.01733745765618856
LP002035,2,3717.0,0.0,120.0,360.0,1.0,1.0,1.0,1.0,1.0,0.0,1.0,-0.23826586768644425,-0.8798716403966507,0.3570928020822905,0.774174103574293
LP002036,0,2058.0,2134.0,88.0,360.0,0.8421985815602837,0.0,1.0,1.0,1.0,0.0,1.0,-0.8169432718692728,0.43636839569470487,0.19101011112223445,0.19041737676117051
LP002043,1,3541.0,0.0,112.0,360.0,0.8421985815602837,1.0,0.0,0.0,1.0,0.0,1.0,-0.38293521873215136,-0.8798716403966507,0.3394734207628391,0.774174103574293
LP002050,1,10000.0,0.0,155.0,360.0,1.0,2.0,1.0,1.0,1.0,1.0,0.0,0.3946625431385245,-0.8798716403966507,0.9860846931624788,0.774174103574293
LP002051,0,2400.0,2167.0,115.0,360.0,1.0,1.0,1.0,1.0,1.0,0.0,1.0,-0.3286842120900112,0.4567226230569423,0.2252477725498048,0.20859555441201377
LP002053,3,4342.0,189.0,124.0,360.0,1.0,1.0,1.0,1.0,1.0,0.0,1.0,-0.16593119216359067,-0.7632974291401998,0.4196616277905696,0.5826229653320384
LP002054,2,3601.0,1590.0,146.41216216216216,360.0,1.0,2.0,1.0,1.0,0.0,0.0,1.0,0.23936292727780337,0.10083204160206313,0.3454800280308339,0.01016710061364019
LP002055,0,3166.0,2985.0,132.0,360.0,0.8421985815602837,2.0,0.0,0.0,1.0,0.0,1.0,-0.02126184111788354,0.9612607437330102,0.3019321253378716,0.9240222174421399
LP002068,0,4917.0,0.0,130.0,360.0,0.0,2.0,1.0,0.0,1.0,0.0,1.0,-0.05742917887931032,-0.8798716403966507,0.47722494744218635,0.774174103574293
LP002082,0,5818.0,2160.0,184.0,360.0,1.0,1.0,1.0,1.0,1.0,1.0,1.0,0.9190889406792129,0.45240505967707373,0.5674241665832416,0.20467033802141665
LP002086,0,4333.0,2451.0,110.0,360.0,1.0,0.0,0.0,1.0,1.0,0.0,0.0,-0.4191025564935782,0.631892337325895,0.4187606367003704,0.3992879259711827
LP002087,0,2500.0,0.0,67.0,360.0,1.0,0.0,0.0,0.0,1.0,0.0,1.0,-1.196700318364254,-0.8798716403966507,0.23525878466312947,0.774174103574293
LP002097,1,4384.0,1793.0,117.0,360.0,1.0,0.0,1.0,0.0,1.0,0.0,1.0,-0.2925168743285844,0.22604137961825113,0.423866252878166,0.05109470529972232
LP002098,0,2935.0,0.0,98.0,360.0,1.0,1.0,1.0,0.0,1.0,0.0,1.0,-0.6361065830621389,-0.8798716403966507,0.27880668735609165,0.774174103574293
LP002100,0,2833.0,0.0,71.0,360.0,1.0,0.0,1.0,0.0,1.0,0.0,1.0,-1.1243656428414004,-0.8798716403966507,0.2685954550005005,0.774174103574293
LP002103,1,9833.0,1833.0,182.0,180.0,1.0,0.0,1.0,1.0,1.0,1.0,1.0,0.8829216029177861,0.2507131703603571,0.9693663029332266,0.06285709379214145
LP002106,0,5503.0,4490.0,70.0,342.0,1.0,1.0,1.0,1.0,1.0,1.0,1.0,-1.142449311722114,1.8895368704047488,0.5358894784262689,3.5703495846189726
LP002110,1,5250.0,688.0,160.0,360.0,1.0,2.0,1.0,1.0,1.0,0.0,1.0,0.48508088754209144,-0.4555168396324274,0.5105616177795576,0.20749559118871458
LP002112,2,2500.0,4600.0,176.0,360.0,1.0,2.0,1.0,1.0,1.0,1.0,1.0,0.7744195896335058,1.9573842949455402,0.23525878466312947,3.8313532780994497
LP002113,3,1830.0,0.0,146.41216216216216,360.0,0.0,0.0,0.0,0.0,0.0,0.0,0.0,0.23936292727780337,-0.8798716403966507,0.16818500350385424,0.774174103574293
LP002114,0,4160.0,0.0,71.0,360.0,1.0,1.0,0.0,0.0,1.0,0.0,1.0,-1.1243656428414004,-0.8798716403966507,0.4014415857443187,0.774174103574293
LP002115,3,2647.0,1587.0,173.0,360.0,1.0,2.0,1.0,1.0,0.0,0.0,0.0,0.7201685829913655,0.09898165729640518,0.2499749724697167,0.009797368481143001
LP002116,0,2378.0,0.0,46.0,360.0,1.0,2.0,0.0,0.0,1.0,0.0,0.0,-1.5764573648592353,-0.8798716403966507,0.22304534988487337,0.774174103574293
LP002119,1,4554.0,1229.0,158.0,360.0,1.0,0.0,1.0,1.0,0.0,0.0,1.0,0.44891354978066467,-0.1218308698454436,0.4408849734708179,0.014842760847297418
LP002126,3,3173.0,0.0,74.0,360.0,1.0,1.0,1.0,1.0,0.0,0.0,1.0,-1.0701146361992604,-0.8798716403966507,0.30263289618580436,0.774174103574293
LP002128,2,2583.0,2330.0,125.0,360.0,1.0,2.0,1.0,1.0,1.0,0.0,1.0,-0.14784752328287729,0.5572601703310243,0.24356792471718894,0.3105388974373622
LP002129,0,2499.0,2458.0,160.0,360.0,1.0,1.0,1.0,1.0,1.0,0.0,1.0,0.48508088754209144,0.6362099007057636,0.2351586745419962,0.4047630377560375
LP002130,0,3523.0,3230.0,152.0,360.0,0.0,2.0,1.0,1.0,0.0,0.0,0.0,0.34041153649638434,1.1123754620284094,0.33767143858244064,1.2373791685229174
LP002131,2,3083.0,2168.0,126.0,360.0,1.0,0.0,1.0,1.0,0.0,0.0,1.0,-0.1297638544021639,0.457339417825495,0.29362298528381214,0.20915934309696269
LP002137,0,6333.0,4583.0,259.0,360.0,0.8421985815602837,1.0,1.0,1.0,1.0,0.0,1.0,2.2753641067327175,1.9468987838801453,0.6189808789668636,3.7904148746739885
LP002138,0,2625.0,6250.0,187.0,360.0,1.0,2.0,1.0,1.0,1.0,0.0,1.0,0.9733399473213531,2.975095663057413,0.24777254980478527,8.851194204343027
LP002139,0,9083.0,0.0,228.0,360.0,1.0,1.0,1.0,1.0,1.0,0.0,1.0,1.7147703714306022,-0.8798716403966507,0.8942837120832916,0.774174103574293
LP002141,3,2666.0,2083.0,95.0,360.0,1.0,2.0,1.0,1.0,1.0,0.0,1.0,-0.6903575897042791,0.4049118624985197,0.2518770647712483,0.1639536163920201
LP002142,0,5500.0,0.0,105.0,360.0,0.0,2.0,0.0,1.0,1.0,1.0,0.0,-0.5095209008971452,-0.8798716403966507,0.5355891480628692,0.774174103574293
LP002143,0,2423.0,505.0,130.0,360.0,1.0,1.0,0.0,1.0,1.0,0.0,1.0,-0.05742917887931032,-0.5683902822775624,0.22755030533586945,0.32306751298756703
LP002144,0,3813.0,0.0,116.0,180.0,1.0,0.0,0.0,0.0,1.0,0.0,1.0,-0.3106005432092978,-0.8798716403966507,0.3667033737110822,0.774174103574293
LP002149,2,8333.0,3167.0,165.0,360.0,1.0,2.0,1.0,1.0,1.0,0.0,1.0,0.5754992319456584,1.0735173916095926,0.8192011212333568,1.1524395900882634
LP002151,1,3875.0,0.0,67.0,360.0,1.0,0.0,1.0,1.0,1.0,0.0,0.0,-1.196700318364254,-0.8798716403966507,0.37291020122134344,0.774174103574293
LP002158,0,3000.0,1666.0,100.0,480.0,0.0,0.0,1.0,1.0,0.0,0.0,0.0,-0.5999392453007121,0.14770844401206454,0.2853138452297527,0.021817784432465206
LP002160,3,5167.0,3167.0,200.0,360.0,1.0,1.0,1.0,1.0,1.0,0.0,1.0,1.208427642770627,1.0735173916095926,0.5022524777254981,1.1524395900882634
LP002161,1,4723.0,0.0,81.0,360.0,1.0,1.0,0.0,0.0,1.0,0.0,0.0,-0.9435289540342665,-0.8798716403966507,0.45780358394233656,0.774174103574293
LP002170,2,5000.0,3667.0,236.0,360.0,1.0,1.0,1.0,1.0,1.0,0.0,1.0,1.8594397224763093,1.3819147758859176,0.4855340874962459,1.909688447811826
LP002175,0,4750.0,2333.0,130.0,360.0,1.0,0.0,1.0,1.0,1.0,0.0,1.0,-0.05742917887931032,0.5591105546366822,0.4605065572129342,0.31260461230613845
LP002178,0,3013.0,3033.0,95.0,300.0,0.8421985815602837,0.0,1.0,1.0,1.0,0.0,1.0,-0.6903575897042791,0.9908668926235374,0.2866152768044849,0.9818171988974249
LP002180,0,6822.0,0.0,141.0,360.0,1.0,2.0,1.0,0.0,1.0,1.0,1.0,0.14149117880853698,-0.8798716403966507,0.6679347282010212,0.774174103574293
LP002181,0,6216.0,0.0,133.0,360.0,1.0,2.0,1.0,0.0,0.0,0.0,0.0,-0.0031781722371701467,-0.8798716403966507,0.6072679947942737,0.774174103574293
LP002187,0,2500.0,0.0,96.0,480.0,1.0,1.0,1.0,0.0,1.0,0.0,0.0,-0.6722739208235656,-0.8798716403966507,0.23525878466312947,0.774174103574293
LP002188,0,5124.0,0.0,124.0,342.0,0.0,2.0,1.0,0.0,1.0,0.0,0.0,-0.16593119216359067,-0.8798716403966507,0.4979477425167684,0.774174103574293
LP002190,1,6325.0,0.0,175.0,360.0,1.0,1.0,1.0,1.0,1.0,0.0,1.0,0.7563359207527923,-0.8798716403966507,0.6181799979977977,0.774174103574293
LP002197,2,5185.0,0.0,155.0,360.0,1.0,1.0,1.0,1.0,1.0,0.0,1.0,0.3946625431385245,-0.8798716403966507,0.5040544599058965,0.774174103574293
LP002205,1,3062.0,1987.0,111.0,180.0,0.0,0.0,1.0,0.0,1.0,0.0,0.0,-0.4010188876128648,0.34569956471746527,0.291520672740014,0.11950818904584495
LP002209,0,2764.0,1459.0,110.0,360.0,1.0,0.0,0.0,0.0,1.0,0.0,1.0,-0.4191025564935782,0.02003192692166595,0.26168785664230654,0.00040127809619496505
LP002211,0,4817.0,923.0,120.0,180.0,1.0,0.0,1.0,1.0,1.0,0.0,1.0,-0.23826586768644425,-0.3105700690225546,0.46721393532886174,0.09645376777267431
LP002219,3,8750.0,4996.0,130.0,360.0,1.0,2.0,1.0,1.0,1.0,0.0,1.0,-0.05742917887931032,2.20163502329239,0.8609470417459205,4.8471967757876815
LP002223,0,4310.0,0.0,130.0,360.0,0.8421985815602837,1.0,1.0,1.0,1.0,0.0,1.0,-0.05742917887931032,-0.8798716403966507,0.4164581039143057,0.774174103574293
LP002224,0,3069.0,0.0,71.0,480.0,1.0,0.0,1.0,0.0,1.0,0.0,0.0,-1.1243656428414004,-0.8798716403966507,0.2922214435879467,0.774174103574293
LP002225,2,5391.0,0.0,130.0,360.0,1.0,0.0,1.0,1.0,1.0,0.0,1.0,-0.05742917887931032,-0.8798716403966507,0.5246771448593454,0.774174103574293
LP002226,0,3333.0,2500.0,128.0,360.0,1.0,1.0,1.0,1.0,1.0,0.0,1.0,-0.0935965166407371,0.6621152809849749,0.3186505155671238,0.4383966453138122
LP002229,0,5941.0,4232.0,296.0,360.0,1.0,1.0,1.0,0.0,1.0,0.0,1.0,2.944459855319113,1.730403820118165,0.5797377114826309,2.994297380679539
LP002231,0,6000.0,0.0,156.0,360.0,1.0,0.0,0.0,0.0,1.0,0.0,1.0,0.4127462120192379,-0.8798716403966507,0.5856442086294925,0.774174103574293
LP002234,0,7167.0,0.0,128.0,360.0,1.0,0.0,1.0,0.0,1.0,1.0,1.0,-0.0935965166407371,-0.8798716403966507,0.7024727199919912,0.774174103574293
LP002236,2,4566.0,0.0,100.0,360.0,1.0,0.0,1.0,1.0,1.0,0.0,0.0,-0.5999392453007121,-0.8798716403966507,0.4420862949244168,0.774174103574293
LP002237,1,3667.0,0.0,113.0,180.0,1.0,0.0,1.0,0.0,1.0,0.0,1.0,-0.364851549851438,-0.8798716403966507,0.35208729602562816,0.774174103574293
LP002239,0,2346.0,1600.0,132.0,360.0,1.0,1.0,1.0,0.0,0.0,0.0,1.0,-0.02126184111788354,0.10699998928758964,0.21984182600860946,0.011448997707544296
LP002243,0,3010.0,3136.0,146.41216216216216,360.0,0.0,0.0,1.0,1.0,0.0,0.0,0.0,0.23936292727780337,1.0543967537844603,0.2863149464410852,1.1117525143912077
LP002244,0,2333.0,2417.0,136.0,360.0,1.0,0.0,1.0,1.0,1.0,0.0,1.0,0.05107283440497003,0.6109213151951048,0.21854039443387727,0.3732248533597166
LP002250,0,5488.0,0.0,125.0,360.0,1.0,2.0,1.0,1.0,1.0,0.0,1.0,-0.14784752328287729,-0.8798716403966507,0.5343878266092702,0.774174103574293
LP002255,3,9167.0,0.0,185.0,360.0,1.0,2.0,1.0,0.0,1.0,0.0,1.0,0.9371726095599262,-0.8798716403966507,0.9026929622584844,0.774174103574293
LP002262,3,9504.0,0.0,275.0,360.0,1.0,2.0,1.0,1.0,1.0,0.0,1.0,2.5647028088241317,-0.8798716403966507,0.9364300730803885,0.774174103574293
LP002263,0,2583.0,2115.0,120.0,360.0,0.8421985815602837,0.0,1.0,1.0,1.0,0.0,1.0,-0.23826586768644425,0.4246492950922045,0.24356792471718894,0.18032702382230617
LP002265,2,1993.0,1625.0,113.0,180.0,1.0,1.0,1.0,1.0,0.0,0.0,1.0,-0.364851549851438,0.12241985850140588,0.18450295324857344,0.014986621755504238
LP002266,2,3100.0,1400.0,113.0,360.0,1.0,0.0,1.0,1.0,1.0,0.0,1.0,-0.364851549851438,-0.016358964422940412,0.29532485734307734,0.00026761571699103015
LP002272,2,3276.0,484.0,135.0,360.0,0.8421985815602837,1.0,1.0,1.0,1.0,0.0,1.0,0.03298916552425664,-0.581342972417168,0.31294423866252874,0.3379596515788282
LP002277,0,3180.0,0.0,71.0,360.0,0.0,0.0,0.0,0.0,1.0,0.0,0.0,-1.1243656428414004,-0.8798716403966507,0.3033336670337371,0.774174103574293
LP002281,0,3033.0,1459.0,95.0,360.0,1.0,0.0,1.0,1.0,1.0,0.0,1.0,-0.6903575897042791,0.02003192692166595,0.28861747922714986,0.00040127809619496505
LP002284,0,3902.0,1666.0,109.0,360.0,1.0,2.0,1.0,0.0,0.0,0.0,1.0,-0.4371862253742916,0.14770844401206454,0.3756131744919411,0.021817784432465206
LP002287,0,1500.0,1800.0,103.0,360.0,0.0,1.0,0.0,0.0,1.0,0.0,0.0,-0.545688238658572,0.23035894299811968,0.1351486635298829,0.05306524261921095
LP002288,2,2889.0,0.0,45.0,180.0,0.0,0.0,1.0,1.0,0.0,0.0,0.0,-1.5945410337399486,-0.8798716403966507,0.27420162178396235,0.774174103574293
LP002296,0,2755.0,0.0,65.0,300.0,1.0,2.0,1.0,0.0,0.0,0.0,0.0,-1.2328676561256808,-0.8798716403966507,0.2607868655521073,0.774174103574293
LP002300,0,1963.0,0.0,53.0,360.0,1.0,1.0,0.0,0.0,0.0,0.0,1.0,-1.4498716826942415,-0.8798716403966507,0.18149964961457604,0.774174103574293
LP002301,0,7441.0,0.0,194.0,360.0,1.0,2.0,0.0,0.0,1.0,1.0,0.0,1.0999256294863469,-0.8798716403966507,0.7299028931825008,0.774174103574293
LP002305,0,4547.0,0.0,115.0,360.0,1.0,1.0,0.0,0.0,1.0,0.0,1.0,-0.3286842120900112,-0.8798716403966507,0.44018420262288516,0.774174103574293
LP002308,0,2167.0,2400.0,115.0,360.0,1.0,0.0,1.0,1.0,0.0,0.0,1.0,-0.3286842120900112,0.6004358041297098,0.20192211432575835,0.3605231548808912
LP002314,0,2213.0,0.0,66.0,360.0,1.0,2.0,0.0,0.0,0.0,0.0,1.0,-1.2147839872449675,-0.8798716403966507,0.20652717989788769,0.774174103574293
LP002315,1,8300.0,0.0,152.0,300.0,0.0,1.0,1.0,1.0,1.0,0.0,0.0,0.34041153649638434,-0.8798716403966507,0.8158974872359596,0.774174103574293
LP002318,1,3867.0,0.0,62.0,360.0,1.0,1.0,0.0,0.0,0.0,1.0,0.0,-1.287118662767821,-0.8798716403966507,0.3721093202522775,0.774174103574293
LP002319,0,6256.0,0.0,160.0,360.0,0.8421985815602837,0.0,1.0,1.0,1.0,0.0,1.0,0.48508088754209144,-0.8798716403966507,0.6112723996396036,0.774174103574293
LP002328,0,6096.0,0.0,218.0,360.0,0.0,2.0,1.0,1.0,0.0,0.0,0.0,1.5339336826234682,-0.8798716403966507,0.5952547802582842,0.774174103574293
LP002332,0,2253.0,2033.0,110.0,360.0,1.0,2.0,1.0,1.0,0.0,0.0,1.0,-0.4191025564935782,0.3740721240708872,0.21053158474321754,0.13992995400690522
LP002335,0,2149.0,3237.0,178.0,360.0,0.0,1.0,0.0,1.0,0.0,0.0,0.0,0.8105869273949325,1.116693025408278,0.2001201321453599,1.2470033129954932
LP002337,0,2995.0,0.0,60.0,360.0,1.0,0.0,0.0,0.0,1.0,0.0,1.0,-1.3232860005292477,-0.8798716403966507,0.2848132946240865,0.774174103574293
LP002341,1,2600.0,0.0,160.0,360.0,1.0,0.0,0.0,0.0,1.0,0.0,0.0,0.48508088754209144,-0.8798716403966507,0.24526979677645408,0.774174103574293
LP002345,0,1025.0,2773.0,112.0,360.0,1.0,2.0,1.0,1.0,1.0,0.0,1.0,-0.38293521873215136,0.8305002527998483,0.08759635599159074,0.6897306699006119
LP002347,0,3246.0,1417.0,138.0,360.0,1.0,1.0,1.0,1.0,1.0,0.0,1.0,0.08724017216639682,-0.0058734533575453595,0.3099409350285314,3.4497454343260855e-05
LP002348,0,5829.0,0.0,138.0,360.0,1.0,2.0,1.0,1.0,1.0,0.0,1.0,0.08724017216639682,-0.8798716403966507,0.5685253779157073,0.774174103574293
LP002357,0,2720.0,0.0,80.0,342.0,0.0,0.0,0.0,0.0,0.0,0.0,0.0,-0.96161262291498,-0.8798716403966507,0.2572830113124437,0.774174103574293
LP002361,0,1820.0,1719.0,100.0,360.0,1.0,0.0,1.0,1.0,1.0,0.0,1.0,-0.5999392453007121,0.180398566745355,0.16718390229252178,0.032543642883778305
LP002362,1,7250.0,1667.0,110.0,342.0,0.0,0.0,1.0,1.0,1.0,0.0,0.0,-0.4191025564935782,0.1483252387806172,0.7107818600460507,0.02200037645932711
LP002366,0,2666.0,4300.0,121.0,360.0,1.0,2.0,1.0,1.0,1.0,0.0,1.0,-0.22018219880573087,1.7723458643797452,0.2518770647712483,3.141209862983986
LP002367,1,4606.0,0.0,81.0,360.0,1.0,2.0,0.0,0.0,0.0,0.0,0.0,-0.9435289540342665,-0.8798716403966507,0.4460906997697467,0.774174103574293
LP002368,2,5935.0,0.0,133.0,360.0,1.0,1.0,1.0,1.0,1.0,0.0,1.0,-0.0031781722371701467,-0.8798716403966507,0.5791370507558314,0.774174103574293
LP002369,0,2920.0,16.12000084,87.0,360.0,1.0,2.0,1.0,1.0,1.0,0.0,1.0,-0.8350269407499862,-0.8699289082094743,0.27730503553909297,0.756776305338528
LP002370,0,2717.0,0.0,60.0,180.0,1.0,0.0,1.0,0.0,0.0,0.0,1.0,-1.3232860005292477,-0.8798716403966507,0.2569826809490439,0.774174103574293
LP002377,1,8624.0,0.0,150.0,360.0,1.0,1.0,0.0,0.0,1.0,1.0,1.0,0.3042441987349575,-0.8798716403966507,0.8483331664831315,0.774174103574293
LP002379,0,6500.0,0.0,105.0,360.0,0.0,2.0,1.0,0.0,1.0,0.0,0.0,-0.5095209008971452,-0.8798716403966507,0.6356992691961157,0.774174103574293
LP002387,0,2425.0,2340.0,143.0,360.0,1.0,1.0,1.0,1.0,1.0,0.0,1.0,0.1776585165699638,0.5634281180165508,0.22775052557813596,0.3174512441716723
LP002390,0,3750.0,0.0,100.0,360.0,1.0,0.0,1.0,0.0,1.0,0.0,1.0,-0.5999392453007121,-0.8798716403966507,0.36039643607968763,0.774174103574293
LP002393,0,10047.0,0.0,146.41216216216216,240.0,1.0,1.0,0.0,1.0,1.0,0.0,1.0,0.23936292727780337,-0.8798716403966507,0.9907898688557414,0.774174103574293
LP002398,0,1926.0,1851.0,50.0,360.0,1.0,1.0,1.0,0.0,1.0,0.0,1.0,-1.5041226893363817,0.26181547619430484,0.1777955751326459,0.06854734357485061
LP002401,0,2213.0,1125.0,146.41216216216216,360.0,1.0,0.0,1.0,1.0,1.0,0.0,1.0,0.23936292727780337,-0.18597752577491922,0.20652717989788769,0.03458764009336074
LP002407,0,7142.0,0.0,138.0,360.0,1.0,2.0,0.0,1.0,0.0,1.0,1.0,0.08724017216639682,-0.8798716403966507,0.6999699669636601,0.774174103574293
LP002408,0,3660.0,5064.0,187.0,360.0,1.0,1.0,1.0,0.0,1.0,0.0,1.0,0.9733399473213531,2.24357706755397,0.3513865251776954,5.033638058054072
LP002409,0,7901.0,1833.0,180.0,360.0,1.0,2.0,1.0,1.0,1.0,0.0,1.0,0.8467542651563593,0.2507131703603571,0.7759535489037942,0.06285709379214145
LP002418,3,4707.0,1993.0,148.0,360.0,1.0,1.0,1.0,0.0,0.0,0.0,1.0,0.26807686097353073,0.3494003333287812,0.4562018220042046,0.1220805929302634
LP002424,0,7333.0,8333.0,175.0,300.0,0.8421985815602837,2.0,1.0,1.0,1.0,0.0,1.0,0.7563359207527923,4.259879165952584,0.7190910001001102,18.14657050851688
LP002429,1,3466.0,1210.0,130.0,360.0,1.0,2.0,1.0,1.0,1.0,1.0,1.0,-0.05742917887931032,-0.13354997044794395,0.3319651616778456,0.0178355946066467
LP002434,2,4652.0,0.0,110.0,360.0,1.0,2.0,1.0,1.0,0.0,0.0,1.0,-0.4191025564935782,-0.8798716403966507,0.45069576534187605,0.774174103574293
LP002435,0,3539.0,1376.0,55.0,360.0,1.0,2.0,1.0,1.0,1.0,0.0,0.0,-1.4137043449328148,-0.03116203886820402,0.3392732005205726,0.000971072666423458
LP002443,2,3340.0,1710.0,150.0,360.0,0.0,2.0,1.0,1.0,1.0,0.0,0.0,0.3042441987349575,0.17484741382838115,0.31935128641505656,0.030571618122473172
LP002444,1,2769.0,1542.0,190.0,360.0,0.8421985815602837,1.0,1.0,0.0,0.0,1.0,0.0,1.0275909539634933,0.07122589271153591,0.26218840724797277,0.005073127792555225
LP002446,2,2309.0,1255.0,125.0,360.0,0.0,2.0,1.0,1.0,0.0,0.0,0.0,-0.14784752328287729,-0.1057942058630747,0.21613775152667936,0.011192413994198628
LP002447,2,1958.0,1456.0,60.0,300.0,0.8421985815602837,0.0,1.0,1.0,0.0,0.0,1.0,-1.3232860005292477,0.018181542616008,0.18099909900890981,0.00033056849189771505
LP002448,0,3948.0,1733.0,149.0,360.0,0.0,2.0,1.0,1.0,1.0,0.0,0.0,0.2861605298542441,0.1890336935050921,0.38021824006407046,0.035733737280177105
LP002449,0,2483.0,2466.0,90.0,180.0,0.0,2.0,1.0,1.0,1.0,0.0,1.0,-0.7807759341078461,0.6411442588541847,0.23355691260386427,0.4110659606616818
LP002453,0,7085.0,0.0,84.0,360.0,1.0,1.0,1.0,0.0,1.0,1.0,1.0,-0.8892779473921264,-0.8798716403966507,0.694263690059065,0.774174103574293
LP002455,2,3859.0,0.0,96.0,360.0,1.0,1.0,1.0,1.0,1.0,0.0,1.0,-0.6722739208235656,-0.8798716403966507,0.3713084392832115,0.774174103574293
LP002459,0,4301.0,0.0,118.0,360.0,1.0,0.0,1.0,1.0,1.0,0.0,1.0,-0.27443320544787103,-0.8798716403966507,0.4155571128241065,0.774174103574293
LP002467,0,3708.0,2569.0,173.0,360.0,1.0,0.0,1.0,1.0,1.0,0.0,0.0,0.7201685829913655,0.7046741200151077,0.3561918109920913,0.49656561541906635
LP002472,2,4354.0,0.0,136.0,360.0,1.0,2.0,1.0,0.0,1.0,0.0,1.0,0.05107283440497003,-0.8798716403966507,0.42086294924416856,0.774174103574293
LP002473,0,8334.0,0.0,160.0,360.0,1.0,1.0,1.0,1.0,1.0,0.0,0.0,0.48508088754209144,-0.8798716403966507,0.81930123135449,0.774174103574293
LP002478,0,2083.0,4083.0,160.0,360.0,0.8421985815602837,1.0,1.0,1.0,1.0,1.0,1.0,0.48508088754209144,1.63850139960382,0.19351286415056562,2.684686836503677
LP002484,3,7740.0,0.0,128.0,180.0,1.0,0.0,1.0,1.0,1.0,0.0,1.0,-0.0935965166407371,-0.8798716403966507,0.7598358194013415,0.774174103574293
LP002487,0,3015.0,2188.0,153.0,360.0,1.0,2.0,1.0,1.0,1.0,0.0,1.0,0.3584952053770977,0.469675313196548,0.2868154970467514,0.22059489982627545
LP002489,1,5191.0,0.0,132.0,360.0,1.0,1.0,0.0,0.0,0.0,0.0,1.0,-0.02126184111788354,-0.8798716403966507,0.504655120632696,0.774174103574293
LP002493,0,4166.0,0.0,98.0,360.0,0.0,1.0,1.0,0.0,1.0,0.0,0.0,-0.6361065830621389,-0.8798716403966507,0.4020422464711182,0.774174103574293
LP002494,0,6000.0,0.0,140.0,360.0,1.0,2.0,1.0,0.0,1.0,0.0,1.0,0.1234075099278236,-0.8798716403966507,0.5856442086294925,0.774174103574293
LP002500,3,2947.0,1664.0,70.0,180.0,0.0,0.0,1.0,1.0,0.0,0.0,0.0,-1.142449311722114,0.14647485447495925,0.2800080088096906,0.021454882993460492
LP002502,2,210.0,2917.0,98.0,360.0,1.0,1.0,0.0,1.0,0.0,0.0,1.0,-0.6361065830621389,0.91931869947143,0.006006607267994794,0.8451468711978414
LP002505,0,4333.0,2451.0,110.0,360.0,1.0,0.0,1.0,1.0,1.0,0.0,0.0,-0.4191025564935782,0.631892337325895,0.4187606367003704,0.3992879259711827
LP002515,1,3450.0,2079.0,162.0,360.0,1.0,1.0,1.0,1.0,1.0,1.0,1.0,0.5212482253035182,0.40244468342430906,0.3303633997397137,0.16196172321649233
LP002517,1,2653.0,1500.0,113.0,180.0,0.0,2.0,1.0,1.0,0.0,0.0,0.0,-0.364851549851438,0.04532051243232461,0.25057563319651616,0.002053948847128489
LP002519,3,4691.0,0.0,100.0,360.0,1.0,1.0,1.0,1.0,1.0,0.0,1.0,-0.5999392453007121,-0.8798716403966507,0.4546000600660727,0.774174103574293
LP002522,0,2500.0,0.0,93.0,360.0,0.8421985815602837,0.0,0.0,0.0,1.0,1.0,1.0,-0.7265249274657058,-0.8798716403966507,0.23525878466312947,0.774174103574293
LP002524,2,5532.0,4648.0,162.0,360.0,1.0,2.0,1.0,0.0,1.0,0.0,1.0,0.5212482253035182,1.9869904438360675,0.538792671939133,3.9481310238958525
LP002529,2,6700.0,1750.0,230.0,300.0,1.0,1.0,1.0,1.0,1.0,0.0,1.0,1.7509377091920288,0.19951920457048716,0.6557212934227651,0.03980791299243991
LP002530,2,2873.0,1872.0,132.0,360.0,0.0,1.0,1.0,1.0,1.0,0.0,0.0,-0.02126184111788354,0.2747681663339105,0.2725998598458304,0.07549754523049951
LP002533,2,2947.0,1603.0,146.41216216216216,360.0,1.0,0.0,1.0,1.0,1.0,0.0,0.0,0.23936292727780337,0.10885037359324758,0.2800080088096906,0.011848403831389569
LP002534,0,4350.0,0.0,154.0,360.0,1.0,2.0,0.0,0.0,0.0,0.0,1.0,0.3765788742578111,-0.8798716403966507,0.4204625087596356,0.774174103574293
LP002536,3,3095.0,0.0,113.0,360.0,1.0,2.0,1.0,1.0,0.0,0.0,1.0,-0.364851549851438,-0.8798716403966507,0.2948243067374111,0.774174103574293
LP002537,0,2083.0,3150.0,128.0,360.0,1.0,1.0,1.0,1.0,1.0,0.0,1.0,-0.0935965166407371,1.0630318805441974,0.19351286415056562,1.1300367790533328
LP002543,2,8333.0,0.0,246.0,360.0,1.0,1.0,1.0,1.0,1.0,0.0,1.0,2.0402764112834433,-0.8798716403966507,0.8192011212333568,0.774174103574293
LP002544,1,1958.0,2436.0,131.0,360.0,1.0,2.0,1.0,1.0,0.0,0.0,1.0,-0.039345509998596935,0.6226404157976052,0.18099909900890981,0.3876810873846147
LP002545,2,3547.0,0.0,80.0,360.0,0.0,2.0,1.0,0.0,1.0,0.0,0.0,-0.96161262291498,-0.8798716403966507,0.3400740814896386,0.774174103574293
LP002555,2,4583.0,2083.0,160.0,360.0,1.0,1.0,1.0,1.0,1.0,1.0,1.0,0.48508088754209144,0.4049118624985197,0.443788166983682,0.1639536163920201
LP002556,0,2435.0,0.0,75.0,360.0,1.0,0.0,1.0,0.0,1.0,0.0,0.0,-1.0520309673185468,-0.8798716403966507,0.22875162678946842,0.774174103574293
LP002560,0,2699.0,2785.0,96.0,360.0,0.8421985815602837,1.0,1.0,0.0,0.0,0.0,1.0,-0.6722739208235656,0.8379017900224801,0.25518069876864546,0.7020794097228763
LP002562,1,5333.0,1131.0,186.0,360.0,0.8421985815602837,0.0,1.0,1.0,0.0,0.0,1.0,0.9552562784406397,-0.1822767571636033,0.518870757833617,0.03322481620207921
LP002571,0,3691.0,0.0,110.0,360.0,1.0,2.0,1.0,0.0,0.0,0.0,1.0,-0.4191025564935782,-0.8798716403966507,0.3544899389328261,0.774174103574293
LP002585,0,3597.0,2157.0,119.0,360.0,0.0,2.0,1.0,1.0,1.0,0.0,0.0,-0.25634953656715764,0.4505546753714158,0.3450795875463009,0.20299951549904188
LP002586,1,3326.0,913.0,105.0,84.0,1.0,1.0,0.0,1.0,1.0,0.0,1.0,-0.5095209008971452,-0.31673801670808105,0.3179497447191911,0.10032297122816863
LP002587,0,2600.0,1700.0,107.0,360.0,1.0,2.0,1.0,1.0,0.0,0.0,1.0,-0.47335356313571836,0.16867946614285464,0.24526979677645408,0.028452762298238447
LP002588,0,4625.0,2857.0,111.0,12.0,0.8421985815602837,0.0,1.0,1.0,1.0,0.0,1.0,-0.4010188876128648,0.882311013358271,0.4479927920712784,0.7784727242932991
LP002600,1,2895.0,0.0,95.0,360.0,1.0,1.0,1.0,1.0,1.0,1.0,1.0,-0.6903575897042791,-0.8798716403966507,0.27480228251076183,0.774174103574293
LP002602,0,6283.0,4416.0,209.0,360.0,0.0,2.0,1.0,0.0,1.0,0.0,0.0,1.3711806626970477,1.8438940575318525,0.6139753729102012,3.3999452954012788
LP002603,0,645.0,3683.0,113.0,480.0,1.0,2.0,0.0,0.0,1.0,0.0,1.0,-0.364851549851438,1.39178349218276,0.04955450996095705,1.937061289112439
LP002606,0,3159.0,0.0,100.0,360.0,1.0,1.0,0.0,0.0,1.0,0.0,1.0,-0.5999392453007121,-0.8798716403966507,0.30123135448993893,0.774174103574293
LP002615,2,4865.0,5624.0,208.0,360.0,1.0,1.0,1.0,1.0,1.0,0.0,1.0,1.3530969938163342,2.588982137943454,0.47201922114325756,6.702828510590258
LP002618,1,4050.0,5302.0,138.0,360.0,0.8421985815602837,2.0,1.0,1.0,0.0,0.0,0.0,0.08724017216639682,2.3903742224695006,0.3904294724196616,5.713888923446669
LP002619,0,3814.0,1483.0,124.0,300.0,1.0,1.0,1.0,1.0,0.0,0.0,1.0,-0.16593119216359067,0.034835001366929554,0.3668034838322154,0.0012134773202339838
LP002622,2,3510.0,4416.0,243.0,360.0,1.0,2.0,1.0,1.0,1.0,0.0,1.0,1.986025404641303,1.8438940575318525,0.33637000700770847,3.3999452954012788
LP002625,0,3583.0,0.0,96.0,360.0,1.0,0.0,1.0,0.0,1.0,0.0,0.0,-0.6722739208235656,-0.8798716403966507,0.34367804585043543,0.774174103574293
LP002626,0,2479.0,3013.0,188.0,360.0,1.0,0.0,1.0,1.0,1.0,1.0,1.0,0.9914236162020664,0.9785309972524844,0.23315647211933127,0.9575229125839416
LP002637,0,3598.0,1287.0,100.0,360.0,1.0,2.0,1.0,0.0,0.0,0.0,0.0,-0.5999392453007121,-0.08605677326938989,0.34517969766743417,0.007405768225539178
LP002640,1,6065.0,2004.0,250.0,360.0,1.0,1.0,1.0,1.0,1.0,0.0,1.0,2.1126110868062966,0.3561850757828603,0.5921513665031535,0.12686780821044194
LP002643,2,3283.0,2035.0,148.0,360.0,1.0,0.0,1.0,1.0,1.0,0.0,1.0,0.26807686097353073,0.3753057136079925,0.3136450095104615,0.14085437866680448
LP002648,0,2130.0,6666.0,70.0,180.0,1.0,1.0,1.0,1.0,1.0,0.0,0.0,-1.142449311722114,3.2316822867753157,0.19821803984382821,10.443770402657334
LP002659,3,3466.0,3428.0,150.0,360.0,1.0,2.0,1.0,1.0,1.0,0.0,1.0,0.3042441987349575,1.2345008262018342,0.3319651616778456,1.5239922898930114
LP002670,2,2031.0,1632.0,113.0,480.0,1.0,1.0,0.0,1.0,1.0,0.0,1.0,-0.364851549851438,0.12673742188127443,0.1883071378516368,0.01606237410511214
LP002682,0,3074.0,1800.0,123.0,360.0,0.0,1.0,1.0,1.0,0.0,0.0,0.0,-0.18401486104430406,0.23035894299811968,0.29272199419361294,0.05306524261921095
LP002683,0,4683.0,1915.0,185.0,360.0,1.0,1.0,1.0,0.0,1.0,0.0,0.0,0.9371726095599262,0.30129034138167443,0.4537991790970067,0.09077586980988592
LP002684,0,3400.0,0.0,95.0,360.0,1.0,2.0,0.0,0.0,0.0,0.0,0.0,-0.6903575897042791,-0.8798716403966507,0.32535789368305135,0.774174103574293
LP002689,2,2192.0,1742.0,45.0,360.0,1.0,1.0,1.0,1.0,0.0,0.0,1.0,-1.5945410337399486,0.19458484642206597,0.20442486735408952,0.037863262457099
LP002690,0,2500.0,0.0,55.0,360.0,1.0,1.0,1.0,0.0,1.0,0.0,1.0,-1.4137043449328148,-0.8798716403966507,0.23525878466312947,0.774174103574293
LP002692,3,5677.0,1424.0,100.0,360.0,1.0,2.0,1.0,1.0,1.0,1.0,1.0,-0.5999392453007121,-0.001555889977676808,0.5533086395034539,2.420793622635138e-06
LP002697,0,4680.0,2087.0,146.41216216216216,360.0,1.0,1.0,1.0,0.0,1.0,0.0,0.0,0.23936292727780337,0.4073790415727303,0.45349884873360696,0.16595768351271634
LP002705,0,3775.0,0.0,110.0,360.0,1.0,1.0,1.0,1.0,1.0,0.0,1.0,-0.4191025564935782,-0.8798716403966507,0.36289918910801877,0.774174103574293
LP002706,1,5285.0,1430.0,161.0,360.0,0.0,1.0,1.0,1.0,0.0,0.0,1.0,0.5031645564228049,0.0021448786336390933,0.5140654720192211,4.600504353041504e-06
LP002714,1,2679.0,1302.0,94.0,360.0,1.0,1.0,1.0,0.0,0.0,0.0,1.0,-0.7084412585849924,-0.07680485174110013,0.25317849634598055,0.005898985250972372
LP002716,0,6783.0,0.0,130.0,360.0,1.0,1.0,1.0,0.0,0.0,0.0,1.0,-0.05742917887931032,-0.8798716403966507,0.6640304334768246,0.774174103574293
LP002717,0,1025.0,5500.0,216.0,360.0,0.8421985815602837,2.0,1.0,1.0,1.0,0.0,1.0,1.4977663448620415,2.5124995866429254,0.08759635599159074,6.312654172880871
LP002720,3,4281.0,0.0,100.0,360.0,1.0,0.0,1.0,1.0,1.0,0.0,1.0,-0.5999392453007121,-0.8798716403966507,0.41355491040144154,0.774174103574293
LP002723,2,3588.0,0.0,110.0,360.0,0.0,2.0,1.0,0.0,1.0,0.0,0.0,-0.4191025564935782,-0.8798716403966507,0.3441785964561017,0.774174103574293
LP002732,0,2550.0,2042.0,126.0,360.0,1.0,2.0,1.0,0.0,0.0,0.0,1.0,-0.1297638544021639,0.379623276987861,0.2402642907197918,0.14411383243100226
LP002738,2,3617.0,0.0,107.0,360.0,1.0,1.0,1.0,0.0,1.0,0.0,1.0,-0.47335356313571836,-0.8798716403966507,0.3470817899689658,0.774174103574293
LP002739,0,2917.0,536.0,66.0,360.0,1.0,2.0,1.0,1.0,0.0,0.0,0.0,-1.2147839872449675,-0.5492696444524302,0.27700470517569326,0.3016971423168991
LP002740,3,6417.0,0.0,157.0,180.0,1.0,2.0,1.0,1.0,1.0,0.0,1.0,0.4308298808999513,-0.8798716403966507,0.6273901291420563,0.774174103574293
LP002741,1,4608.0,2845.0,140.0,180.0,1.0,1.0,0.0,1.0,1.0,0.0,1.0,0.1234075099278236,0.8749094761356392,0.4462909200120132,0.7654665914319386
LP002743,0,2138.0,0.0,99.0,360.0,0.0,1.0,0.0,0.0,1.0,0.0,0.0,-0.6180229141814255,-0.8798716403966507,0.19901892081289418,0.774174103574293
LP002753,1,3652.0,0.0,95.0,360.0,1.0,1.0,0.0,0.0,1.0,0.0,1.0,-0.6903575897042791,-0.8798716403966507,0.3505856442086295,0.774174103574293
LP002755,1,2239.0,2524.0,128.0,360.0,1.0,0.0,1.0,1.0,0.0,0.0,1.0,-0.0935965166407371,0.6769183554302385,0.20913004304735208,0.4582184599183787
LP002757,0,3017.0,663.0,102.0,360.0,0.8421985815602837,1.0,0.0,1.0,0.0,0.0,1.0,-0.5637719075392853,-0.4709367088462436,0.2870157172890179,0.22178138373893164
LP002767,0,2768.0,1950.0,155.0,360.0,1.0,2.0,1.0,1.0,1.0,0.0,1.0,0.3946625431385245,0.3228781582810172,0.2620882971268395,0.10425030509494158
LP002768,0,3358.0,0.0,80.0,36.0,1.0,1.0,1.0,0.0,0.0,0.0,0.0,-0.96161262291498,-0.8798716403966507,0.32115326859545495,0.774174103574293
LP002772,0,2526.0,1783.0,145.0,360.0,1.0,2.0,1.0,0.0,1.0,0.0,1.0,0.21382585433139056,0.21987343193272463,0.23786164781259386,0.04834432606987449
LP002776,0,5000.0,0.0,103.0,360.0,0.0,1.0,0.0,0.0,1.0,0.0,0.0,-0.545688238658572,-0.8798716403966507,0.4855340874962459,0.774174103574293
LP002777,0,2785.0,2016.0,110.0,360.0,1.0,2.0,1.0,1.0,1.0,0.0,1.0,-0.4191025564935782,0.3635866130054921,0.2637901691861047,0.13219522515680548
LP002778,2,6633.0,0.0,146.41216216216216,360.0,0.0,2.0,1.0,1.0,1.0,1.0,0.0,0.23936292727780337,-0.8798716403966507,0.6490139153068375,0.774174103574293
LP002784,1,2492.0,2375.0,146.41216216216216,360.0,1.0,2.0,1.0,1.0,0.0,0.0,1.0,0.23936292727780337,0.5850159349158935,0.23445790369406347,0.342243644105517
LP002785,1,3333.0,3250.0,158.0,360.0,1.0,0.0,1.0,1.0,1.0,0.0,1.0,0.44891354978066467,1.1247113573994625,0.3186505155671238,1.2649756374633414
LP002788,0,2454.0,2333.0,181.0,360.0,0.0,0.0,1.0,1.0,0.0,0.0,0.0,0.8648379340370727,0.5591105546366822,0.2306537190910001,0.31260461230613845
LP002789,0,3593.0,4266.0,132.0,180.0,0.0,2.0,1.0,1.0,1.0,0.0,0.0,-0.02126184111788354,1.751374842248955,0.34467914706176794,3.067313838062552
LP002792,1,5468.0,1032.0,26.0,360.0,1.0,1.0,1.0,1.0,1.0,0.0,1.0,-1.938130742473503,-0.2433394392503157,0.5323856241866053,0.05921408269465809
LP002794,0,2667.0,1625.0,84.0,360.0,0.8421985815602837,0.0,0.0,0.0,1.0,0.0,1.0,-0.8892779473921264,0.12241985850140588,0.2519771748923816,0.014986621755504238
LP002795,3,10139.0,0.0,260.0,360.0,1.0,1.0,1.0,1.0,1.0,1.0,1.0,2.293447775613431,-0.8798716403966507,1.0,0.774174103574293
LP002798,0,3887.0,2669.0,162.0,360.0,1.0,1.0,1.0,1.0,1.0,0.0,1.0,0.5212482253035182,0.7663535968703727,0.3741115226749424,0.5872978354361578
LP002804,0,4180.0,2306.0,182.0,360.0,1.0,1.0,0.0,1.0,1.0,0.0,1.0,0.8829216029177861,0.5424570958857606,0.4034437881669837,0.2942597008768133
LP002807,2,3675.0,242.0,108.0,360.0,1.0,1.0,1.0,1.0,0.0,0.0,1.0,-0.45526989425500497,-0.7306073064069094,0.35288817699469416,0.5337870361751597
LP002820,0,5923.0,2054.0,211.0,360.0,1.0,2.0,1.0,1.0,1.0,0.0,1.0,1.4073480004584744,0.38702481421049284,0.5779357293022325,0.1497882068146665
LP002821,0,5800.0,0.0,132.0,360.0,1.0,1.0,1.0,0.0,0.0,1.0,1.0,-0.02126184111788354,-0.8798716403966507,0.5656221844028432,0.774174103574293
LP002832,2,8799.0,0.0,258.0,360.0,0.0,0.0,1.0,1.0,1.0,0.0,0.0,2.2572804378520037,-0.8798716403966507,0.8658524376814496,0.774174103574293
LP002833,0,4467.0,0.0,120.0,360.0,0.8421985815602837,2.0,1.0,1.0,0.0,0.0,1.0,-0.23826586768644425,-0.8798716403966507,0.4321753929322254,0.774174103574293
LP002836,0,3333.0,0.0,70.0,360.0,1.0,0.0,1.0,0.0,1.0,0.0,1.0,-1.142449311722114,-0.8798716403966507,0.3186505155671238,0.774174103574293
LP002837,3,3400.0,2500.0,123.0,360.0,0.0,2.0,1.0,1.0,1.0,0.0,0.0,-0.18401486104430406,0.6621152809849749,0.32535789368305135,0.4383966453138122
LP002840,0,2378.0,0.0,9.0,360.0,1.0,0.0,0.0,0.0,1.0,0.0,0.0,-2.245553113445631,-0.8798716403966507,0.22304534988487337,0.774174103574293
LP002841,0,3166.0,2064.0,104.0,360.0,0.0,0.0,1.0,1.0,1.0,0.0,0.0,-0.5276045697778585,0.3931927618960193,0.3019321253378716,0.15460054800741974
LP002842,1,3417.0,1750.0,186.0,360.0,1.0,0.0,1.0,1.0,1.0,0.0,1.0,0.9552562784406397,0.19951920457048716,0.32705976574231654,0.03980791299243991
LP002847,0,5116.0,1451.0,165.0,360.0,0.0,0.0,1.0,1.0,1.0,0.0,0.0,0.5754992319456584,0.015097568773244748,0.49714686154770243,0.00022793658286285494
LP002862,2,6125.0,1625.0,187.0,480.0,1.0,1.0,1.0,1.0,0.0,0.0,0.0,0.9733399473213531,0.12241985850140588,0.5981579737711483,0.014986621755504238
LP002863,3,6406.0,0.0,150.0,360.0,1.0,1.0,1.0,1.0,1.0,0.0,0.0,0.3042441987349575,-0.8798716403966507,0.6262889178095906,0.774174103574293
LP002868,2,3159.0,461.0,108.0,84.0,1.0,0.0,1.0,1.0,1.0,0.0,1.0,-0.45526989425500497,-0.595529252093879,0.30123135448993893,0.35465509009949486
LP002872,0,3087.0,2210.0,136.0,360.0,0.0,1.0,1.0,1.0,1.0,0.0,0.0,0.05107283440497003,0.4832447981047063,0.29402342576834517,0.23352553489525832
LP002874,0,3229.0,2739.0,110.0,360.0,1.0,0.0,1.0,0.0,1.0,0.0,1.0,-0.4191025564935782,0.8095292306690582,0.3082390629692662,0.6553375753076373
LP002877,1,1782.0,2232.0,107.0,360.0,1.0,2.0,1.0,1.0,1.0,0.0,1.0,-0.47335356313571836,0.49681428301286457,0.16337971768945841,0.2468244318055867
LP002888,0,3182.0,2917.0,161.0,360.0,1.0,0.0,1.0,0.0,1.0,0.0,1.0,0.5031645564228049,0.91931869947143,0.30353388727600356,0.8451468711978414
LP002892,2,6540.0,0.0,205.0,360.0,1.0,1.0,1.0,1.0,1.0,0.0,1.0,1.2988459871741942,-0.8798716403966507,0.6397036740414456,0.774174103574293
LP002894,0,3166.0,0.0,36.0,360.0,1.0,1.0,0.0,1.0,1.0,0.0,1.0,-1.7572940536663693,-0.8798716403966507,0.3019321253378716,0.774174103574293
LP002898,1,1880.0,0.0,61.0,360.0,0.8421985815602837,2.0,1.0,1.0,1.0,0.0,0.0,-1.3052023316485344,-0.8798716403966507,0.17319050956051657,0.774174103574293
LP002911,1,2787.0,1917.0,146.0,360.0,0.0,2.0,1.0,1.0,1.0,0.0,0.0,0.23190952321210395,0.30252393091877977,0.26399038942837116,0.09152072877855064
LP002912,1,4283.0,3000.0,172.0,84.0,1.0,2.0,1.0,1.0,1.0,0.0,0.0,0.7020849141106522,0.9705126652613,0.41375513064370806,0.9418948334325921
LP002916,0,2297.0,1522.0,104.0,360.0,1.0,0.0,1.0,1.0,1.0,0.0,1.0,-0.5276045697778585,0.05888999734048291,0.2149364300730804,0.0034680317867620846
LP002917,0,2165.0,0.0,70.0,360.0,1.0,1.0,0.0,0.0,0.0,0.0,1.0,-1.142449311722114,-0.8798716403966507,0.20172189408349184,0.774174103574293
LP002925,0,4750.0,0.0,94.0,360.0,1.0,1.0,1.0,0.0,1.0,0.0,1.0,-0.7084412585849924,-0.8798716403966507,0.4605065572129342,0.774174103574293
LP002926,2,2726.0,0.0,106.0,360.0,0.0,1.0,1.0,1.0,1.0,1.0,0.0,-0.49143723201643175,-0.8798716403966507,0.2578836720392432,0.774174103574293
LP002928,0,3000.0,3416.0,56.0,180.0,1.0,1.0,1.0,1.0,1.0,0.0,1.0,-1.3956206760521013,1.2270992889792025,0.2853138452297527,1.5057726650132643
LP002931,2,6000.0,0.0,205.0,240.0,1.0,1.0,1.0,1.0,1.0,1.0,0.0,1.2988459871741942,-0.8798716403966507,0.5856442086294925,0.774174103574293
LP002933,3,9357.0,0.0,292.0,360.0,1.0,1.0,1.0,0.0,1.0,1.0,1.0,2.8721251797962593,-0.8798716403966507,0.9217138852738012,0.774174103574293
LP002936,0,3859.0,3300.0,142.0,180.0,1.0,2.0,1.0,1.0,1.0,0.0,1.0,0.1595748476892504,1.155551095827095,0.3713084392832115,1.3352983350671999
LP002940,0,3833.0,0.0,110.0,360.0,1.0,2.0,1.0,0.0,0.0,0.0,1.0,-0.4191025564935782,-0.8798716403966507,0.3687055761337471,0.774174103574293
LP002941,2,6383.0,1000.0,187.0,360.0,1.0,2.0,1.0,1.0,0.0,1.0,0.0,0.9733399473213531,-0.2630768718440005,0.6239863850235259,0.06920944049922467
LP002943,0,2987.0,0.0,88.0,360.0,0.0,1.0,1.0,0.0,1.0,0.0,0.0,-0.8169432718692728,-0.8798716403966507,0.2840124136550205,0.774174103574293
LP002945,0,9963.0,0.0,180.0,360.0,1.0,2.0,1.0,1.0,1.0,1.0,1.0,0.8467542651563593,-0.8798716403966507,0.9823806186805486,0.774174103574293
LP002948,2,5780.0,0.0,192.0,360.0,1.0,0.0,1.0,1.0,1.0,0.0,1.0,1.06375829172492,-0.8798716403966507,0.5636199819801783,0.774174103574293
LP002950,0,2894.0,2792.0,155.0,360.0,1.0,2.0,1.0,1.0,0.0,0.0,1.0,0.3946625431385245,0.8422193534023487,0.2747021723896286,0.7093334392454702
LP002953,3,5703.0,0.0,128.0,360.0,1.0,0.0,1.0,1.0,1.0,0.0,1.0,-0.0935965166407371,-0.8798716403966507,0.5559115026529182,0.774174103574293
LP002958,0,3676.0,4301.0,172.0,360.0,1.0,2.0,1.0,0.0,1.0,0.0,1.0,0.7020849141106522,1.7729626591482979,0.35298828711582736,3.1433965907342034
LP002960,0,2400.0,3800.0,146.41216216216216,180.0,1.0,0.0,1.0,1.0,0.0,0.0,0.0,0.23936292727780337,1.4639484801034202,0.2252477725498048,2.143145152397114
LP002961,1,3400.0,2500.0,173.0,360.0,1.0,1.0,1.0,1.0,1.0,0.0,1.0,0.7201685829913655,0.6621152809849749,0.32535789368305135,0.4383966453138122
LP002964,2,3987.0,1411.0,157.0,360.0,1.0,2.0,1.0,1.0,0.0,0.0,1.0,0.4308298808999513,-0.009574221968861261,0.3841225347882671,9.16657263090256e-05
LP002974,0,3232.0,1950.0,108.0,360.0,1.0,2.0,1.0,1.0,1.0,0.0,1.0,-0.45526989425500497,0.3228781582810172,0.3085393933326659,0.10425030509494158
LP002978,0,2900.0,0.0,71.0,360.0,1.0,2.0,0.0,0.0,1.0,0.0,1.0,-1.1243656428414004,-0.8798716403966507,0.27530283311642806,0.774174103574293
LP002979,3,4106.0,0.0,40.0,180.0,1.0,2.0,1.0,1.0,1.0,0.0,1.0,-1.6849593781435157,-0.8798716403966507,0.3960356392031234,0.774174103574293
LP002983,1,8072.0,240.0,253.0,360.0,1.0,0.0,1.0,1.0,1.0,0.0,1.0,2.166862093448437,-0.7318408959440147,0.7930723796175794,0.5355910969761382
LP002984,2,7583.0,0.0,187.0,360.0,1.0,0.0,1.0,1.0,1.0,0.0,1.0,0.9733399473213531,-0.8798716403966507,0.7441185303834218,0.774174103574293
LP002990,0,4583.0,0.0,133.0,360.0,0.0,1.0,0.0,0.0,1.0,1.0,0.0,-0.0031781722371701467,-0.8798716403966507,0.443788166983682,0.774174103574293
